Cincinnati, 2014, Offense, 6, 23.2, 40.2, 57.7, 322.8, 3.2, 29.8, 120.2, 4.0, 1.0, 70.0, 443.0, 6.3, 14.3, 6.8, 2.0, 23.2, 4.8, 46.3, 0.2, 1.0, 1.2, Defense, 6, 20.3, 32.0, 63.5, 281.7, 2.3, 46.0, 242.3, 5.3, 1.7, 78.0, 524.0, 6.7, 12.0, 13.2, 0.7, 25.8, 8.0, 74.0, 1.2, 0.5, 1.7, Difference, , +2.9, +8.2, -5.8, +41.1, +0.9, -16.2, -122.1, -1.3, -0.7, -8.0, -81.0, -0.4, +2.3, -6.4, +1.3, -2.6, -3.2, -27.7, -1.0, +0.5, -0.5, 
Cincinnati, 2013, Offense, 13, 23.9, 36.1, 66.3, 303.6, 2.2, 39.7, 168.5, 4.2, 2.2, 75.8, 472.1, 6.2, 13.5, 9.5, 1.2, 24.2, 6.2, 57.8, 0.8, 1.3, 2.2, Defense, 13, 19.5, 33.7, 58.0, 211.2, 1.2, 32.5, 104.5, 3.2, 0.9, 66.2, 315.6, 4.8, 10.1, 6.2, 1.5, 17.7, 6.3, 52.2, 0.6, 1.0, 1.6, Difference, , +4.4, +2.4, +8.3, +92.4, +1.0, +7.2, +64.0, +1.0, +1.3, +9.6, +156.5, +1.4, +3.4, +3.3, -0.3, +6.5, -0.1, +5.6, +0.2, +0.3, +0.6, 
Cincinnati, 2012, Offense, 13, 16.2, 28.5, 56.6, 238.8, 1.9, 37.8, 201.5, 5.3, 1.9, 66.4, 440.2, 6.6, 9.2, 9.5, 1.7, 20.5, 5.6, 53.5, 0.6, 0.8, 1.5, Defense, 13, 21.7, 38.3, 56.6, 252.5, 1.0, 35.3, 135.6, 3.8, 0.8, 73.6, 388.1, 5.3, 11.8, 7.5, 1.3, 20.6, 6.4, 56.6, 0.9, 1.2, 2.2, Difference, , -5.5, -9.8, 0.0, -13.7, +0.9, +2.5, +65.9, +1.5, +1.1, -7.2, +52.1, +1.3, -2.6, +2.0, +0.4, -0.1, -0.8, -3.1, -0.3, -0.4, -0.7, 
Cincinnati, 2011, Offense, 13, 17.2, 30.2, 56.9, 207.2, 1.5, 38.5, 178.5, 4.6, 2.2, 68.6, 385.7, 5.6, 8.8, 9.0, 1.8, 19.6, 5.2, 46.7, 0.5, 1.1, 1.6, Defense, 13, 22.4, 37.2, 60.2, 261.2, 1.3, 35.1, 96.2, 2.7, 0.8, 72.2, 357.4, 4.9, 11.4, 6.5, 1.2, 19.1, 7.8, 64.7, 1.3, 1.2, 2.5, Difference, , -5.2, -7.0, -3.3, -54.0, +0.2, +3.4, +82.3, +1.9, +1.4, -3.6, +28.3, +0.7, -2.6, +2.5, +0.6, +0.5, -2.6, -18.0, -0.8, -0.1, -0.9, 
Cincinnati, 2010, Offense, 12, 20.9, 36.3, 57.7, 260.7, 2.3, 33.5, 156.7, 4.7, 1.3, 69.8, 417.3, 6.0, 10.8, 8.9, 2.2, 21.9, 6.8, 63.4, 1.2, 1.3, 2.4, Defense, 12, 20.0, 30.8, 64.9, 234.0, 2.1, 38.8, 135.4, 3.5, 1.6, 69.6, 369.4, 5.3, 10.8, 7.4, 1.4, 19.7, 6.3, 57.1, 0.5, 0.7, 1.2, Difference, , +0.9, +5.5, -7.2, +26.7, +0.2, -5.3, +21.3, +1.2, -0.3, +0.2, +47.9, +0.7, 0.0, +1.5, +0.8, +2.2, +0.5, +6.3, +0.7, +0.6, +1.2, 
Cincinnati, 2009, Offense, 13, 23.9, 36.3, 65.9, 308.8, 3.0, 27.8, 138.7, 5.0, 1.8, 64.1, 447.5, 7.0, 12.6, 6.8, 1.3, 20.8, 4.8, 45.3, 0.2, 0.6, 0.8, Defense, 13, 20.5, 32.3, 63.6, 230.2, 1.2, 39.6, 143.8, 3.6, 1.5, 71.9, 374.0, 5.2, 11.3, 8.2, 1.1, 20.5, 6.3, 51.7, 0.2, 1.2, 1.5, Difference, , +3.4, +4.0, +2.3, +78.6, +1.8, -11.8, -5.1, +1.4, +0.3, -7.8, +73.5, +1.8, +1.3, -1.4, +0.2, +0.3, -1.5, -6.4, 0.0, -0.6, -0.7, 
Cincinnati, 2008, Offense, 14, 20.7, 33.7, 61.4, 253.0, 1.9, 32.5, 117.6, 3.6, 1.1, 66.2, 370.6, 5.6, 11.1, 7.1, 1.3, 19.4, 7.1, 64.5, 1.1, 1.1, 2.1, Defense, 14, 19.1, 34.1, 56.1, 206.9, 1.3, 34.4, 115.0, 3.3, 0.9, 68.5, 321.9, 4.7, 9.6, 6.1, 1.8, 17.6, 6.1, 51.9, 0.4, 1.2, 1.6, Difference, , +1.6, -0.4, +5.3, +46.1, +0.6, -1.9, +2.6, +0.3, +0.2, -2.3, +48.7, +0.9, +1.5, +1.0, -0.5, +1.8, +1.0, +12.6, +0.7, -0.1, +0.5, 
Cincinnati, 2007, Offense, 13, 22.0, 35.7, 61.6, 286.2, 2.8, 36.7, 147.8, 4.0, 1.5, 72.4, 433.9, 6.0, 12.1, 7.8, 1.8, 21.8, 9.4, 79.1, 1.1, 0.9, 2.0, Defense, 13, 22.7, 37.9, 59.8, 254.0, 1.2, 36.2, 114.2, 3.2, 0.8, 74.2, 368.2, 5.0, 12.0, 6.3, 1.5, 19.8, 7.5, 67.1, 1.2, 2.0, 3.2, Difference, , -0.7, -2.2, +1.8, +32.2, +1.6, +0.5, +33.6, +0.8, +0.7, -1.8, +65.7, +1.0, +0.1, +1.5, +0.3, +2.0, +1.9, +12.0, -0.1, -1.1, -1.2, 
Cincinnati, 2006, Offense, 13, 15.9, 26.5, 60.0, 206.8, 1.3, 39.5, 133.6, 3.4, 0.8, 66.0, 340.5, 5.2, 9.3, 7.1, 0.8, 17.2, 6.8, 58.1, 0.9, 1.3, 2.2, Defense, 13, 16.8, 32.2, 52.3, 201.6, 1.1, 29.2, 107.5, 3.7, 1.0, 61.5, 309.2, 5.0, 8.2, 5.4, 1.6, 15.2, 6.8, 50.9, 0.7, 1.1, 1.8, Difference, , -0.9, -5.7, +7.7, +5.2, +0.2, +10.3, +26.1, -0.3, -0.2, +4.5, +31.3, +0.2, +1.1, +1.7, -0.8, +2.0, 0.0, +7.2, +0.2, +0.2, +0.4, 
Cincinnati, 2005, Offense, 11, 17.9, 31.6, 56.6, 199.9, 1.4, 38.7, 124.5, 3.2, 0.9, 70.4, 324.5, 4.6, 9.4, 8.6, 2.0, 20.0, 6.2, 52.4, 1.1, 1.2, 2.3, Defense, 11, 16.7, 29.1, 57.5, 221.3, 1.3, 41.3, 180.4, 4.4, 2.5, 70.4, 401.6, 5.7, 10.1, 9.1, 1.6, 20.8, 7.4, 62.3, 1.0, 0.6, 1.6, Difference, , +1.2, +2.5, -0.9, -21.4, +0.1, -2.6, -55.9, -1.2, -1.6, 0.0, -77.1, -1.1, -0.7, -0.5, +0.4, -0.8, -1.2, -9.9, +0.1, +0.6, +0.7, 
Cincinnati, 2004, Offense, 12, 18.2, 31.3, 58.0, 222.2, 2.2, 43.8, 183.4, 4.2, 1.4, 75.1, 405.6, 5.4, 9.9, 9.6, 1.4, 20.9, 6.4, 50.2, 1.0, 1.0, 2.0, Defense, 12, 13.8, 27.7, 49.7, 194.2, 1.6, 33.4, 147.2, 4.4, 1.3, 61.1, 341.3, 5.6, 8.4, 6.0, 1.4, 15.8, 4.5, 40.0, 0.8, 0.8, 1.6, Difference, , +4.4, +3.6, +8.3, +28.0, +0.6, +10.4, +36.2, -0.2, +0.1, +14.0, +64.3, -0.2, +1.5, +3.6, 0.0, +5.1, +1.9, +10.2, +0.2, +0.2, +0.4, 
Cincinnati, 2003, Offense, 12, 19.3, 36.5, 52.7, 228.4, 1.2, 43.2, 165.0, 3.8, 1.5, 79.7, 393.4, 4.9, 9.8, 9.4, 1.4, 20.7, 6.4, 55.7, 1.5, 0.8, 2.3, Defense, 12, 14.2, 28.1, 50.4, 188.6, 1.4, 39.2, 144.4, 3.7, 1.5, 67.3, 333.0, 5.0, 7.6, 7.3, 1.9, 16.8, 6.8, 53.3, 0.8, 1.6, 2.3, Difference, , +5.1, +8.4, +2.3, +39.8, -0.2, +4.0, +20.6, +0.1, 0.0, +12.4, +60.4, -0.1, +2.2, +2.1, -0.5, +3.9, -0.4, +2.4, +0.7, -0.8, 0.0, 
Cincinnati, 2002, Offense, 14, 18.9, 34.6, 54.4, 260.6, 1.6, 38.9, 136.9, 3.5, 1.5, 73.6, 397.5, 5.4, 11.1, 7.8, 1.3, 20.2, 7.3, 62.8, 0.8, 1.6, 2.4, Defense, 14, 15.7, 30.5, 51.5, 179.9, 0.9, 38.4, 138.1, 3.6, 1.6, 68.9, 318.1, 4.6, 8.9, 7.7, 1.1, 17.7, 6.8, 52.0, 1.2, 1.2, 2.4, Difference, , +3.2, +4.1, +2.9, +80.7, +0.7, +0.5, -1.2, -0.1, -0.1, +4.7, +79.4, +0.8, +2.2, +0.1, +0.2, +2.5, +0.5, +10.8, -0.4, +0.4, 0.0, 
Cincinnati, 2001, Offense, 11, 19.6, 34.0, 57.8, 269.8, 1.7, 41.9, 146.5, 3.5, 1.7, 75.9, 416.3, 5.5, 11.9, 8.1, 2.5, 22.5, 6.6, 59.8, 0.7, 1.1, 1.8, Defense, 11, 16.4, 30.6, 53.4, 205.2, 1.5, 39.1, 176.8, 4.5, 1.6, 69.7, 382.0, 5.5, 9.3, 9.0, 1.7, 20.0, 6.5, 60.4, 1.2, 0.9, 2.1, Difference, , +3.2, +3.4, +4.4, +64.6, +0.2, +2.8, -30.3, -1.0, +0.1, +6.2, +34.3, 0.0, +2.6, -0.9, +0.8, +2.5, +0.1, -0.6, -0.5, +0.2, -0.3, 
Cincinnati, 2000, Offense, 11, 17.3, 33.5, 51.6, 216.5, 1.2, 40.7, 141.0, 3.5, 1.1, 74.2, 357.5, 4.8, 10.5, 7.6, 1.5, 19.6, 7.5, 63.0, 0.8, 1.2, 2.0, Defense, 11, 19.1, 32.5, 58.8, 224.8, 1.3, 38.7, 147.0, 3.8, 1.5, 71.2, 371.8, 5.2, 10.1, 7.9, 2.1, 20.1, 5.6, 49.9, 1.4, 1.7, 3.1, Difference, , -1.8, +1.0, -7.2, -8.3, -0.1, +2.0, -6.0, -0.3, -0.4, +3.0, -14.3, -0.4, +0.4, -0.3, -0.6, -0.5, +1.9, +13.1, -0.6, -0.5, -1.1, 
Cincinnati, 1999, Offense, 11, 21.5, 40.5, 53.0, 252.2, 1.5, 38.6, 172.2, 4.5, 1.8, Defense, 11, 15.1, 28.3, 53.4, 207.0, 1.5, 40.0, 177.5, 4.4, 1.5, Difference, , +6.4, +12.2, -0.4, +45.2, 0.0, -1.4, -5.3, +0.1, +0.3, 
Cincinnati, 1998, Offense, 11, 18.0, 33.4, 54.0, 244.3, 1.0, 41.9, 173.8, 4.1, 1.6, Defense, 11, 15.0, 25.8, 58.1, 240.0, 2.7, 42.2, 244.4, 5.8, 2.4, Difference, , +3.0, +7.6, -4.1, +4.3, -1.7, -0.3, -70.6, -1.7, -0.8, 
Cincinnati, 1997, Offense, 12, 7.7, 16.8, 45.8, 105.2, 0.6, 49.4, 197.6, 4.0, 1.8, Defense, 12, 18.5, 36.0, 51.4, 230.3, 1.4, 28.2, 77.5, 2.8, 0.8, Difference, , -10.8, -19.2, -5.6, -125.1, -0.8, +21.2, +120.1, +1.2, +1.0, 
Cincinnati, 1996, Offense, 11, 10.2, 20.4, 50.0, 142.2, 0.9, 47.4, 181.4, 3.8, 1.5, Defense, 11, 11.9, 28.3, 42.1, 157.0, 1.2, 40.7, 121.3, 3.0, 1.1, Difference, , -1.7, -7.9, +7.9, -14.8, -0.3, +6.7, +60.1, +0.8, +0.4, 
Cincinnati, 1995, Offense, 11, 15.0, 29.0, 51.7, 212.0, 1.1, 43.4, 124.9, 2.9, 1.1, Defense, 11, 14.7, 31.5, 46.7, 182.8, 1.0, 41.6, 141.6, 3.4, 0.9, Difference, , +0.3, -2.5, +5.0, +29.2, +0.1, +1.8, -16.7, -0.5, +0.2, 
Cincinnati, 1994, Offense, 11, 15.8, 26.3, 60.2, 176.1, 0.8, 37.2, 137.9, 3.7, 1.0, Defense, 11, 13.3, 22.2, 59.8, 149.2, 1.4, 50.5, 244.5, 4.8, 2.2, Difference, , +2.5, +4.1, +0.4, +26.9, -0.6, -13.3, -106.6, -1.1, -1.2, 
Cincinnati, 1993, Offense, 11, 13.4, 28.2, 47.4, 148.7, 0.8, 45.3, 203.5, 4.5, 2.3, Defense, 11, 14.9, 28.6, 52.1, 169.7, 0.6, 42.2, 136.2, 3.2, 1.4, Difference, , -1.5, -0.4, -4.7, -21.0, +0.2, +3.1, +67.3, +1.3, +0.9, 
Cincinnati, 1992, Offense, 11, 14.6, 29.0, 50.5, 175.2, 0.7, 39.5, 154.0, 3.9, 1.5, Defense, 11, 14.5, 25.6, 56.7, 174.5, 1.1, 44.5, 187.5, 4.2, 1.7, Difference, , +0.1, +3.4, -6.2, +0.7, -0.4, -5.0, -33.5, -0.3, -0.2, 
Cincinnati, 1991, Offense, 11, 14.9, 28.9, 51.6, 186.4, 0.6, 49.7, 194.2, 3.9, 1.5, Defense, 11, 13.7, 27.1, 50.7, 177.0, 1.2, 39.0, 155.3, 4.0, 2.3, Difference, , +1.2, +1.8, +0.9, +9.4, -0.6, +10.7, +38.9, -0.1, -0.8, 
Cincinnati, 1990, Offense, 11, 14.2, 28.1, 50.5, 160.5, 0.8, 39.1, 125.0, 3.2, 1.1, Defense, 11, 12.9, 22.5, 57.5, 191.0, 1.2, 51.8, 287.1, 5.5, 4.0, Difference, , +1.3, +5.6, -7.0, -30.5, -0.4, -12.7, -162.1, -2.3, -2.9, 
Cincinnati, 1989, Offense, 11, 12.5, 24.2, 51.9, 142.0, 0.5, 38.7, 101.1, 2.6, 0.5, Defense, 11, 14.4, 23.7, 60.5, 179.3, 1.2, 50.4, 225.3, 4.5, 2.8, Difference, , -1.9, +0.5, -8.6, -37.3, -0.7, -11.7, -124.2, -1.9, -2.3, 
Cincinnati, 1988, Offense, 11, 16.0, 29.5, 54.3, 174.5, 1.1, 41.5, 153.5, 3.7, 0.9, Defense, 11, 14.6, 27.1, 54.0, 207.1, 2.4, 46.3, 191.8, 4.1, 1.7, Difference, , +1.4, +2.4, +0.3, -32.6, -1.3, -4.8, -38.3, -0.4, -0.8, 
Cincinnati, 1987, Offense, 11, 16.8, 29.0, 58.0, 207.5, 1.4, 39.2, 151.0, 3.9, 1.4, Defense, 11, 12.6, 24.1, 52.5, 165.3, 1.0, 50.8, 274.5, 5.4, 2.5, Difference, , +4.2, +4.9, +5.5, +42.2, +0.4, -11.6, -123.5, -1.5, -1.1, 
Cincinnati, 1986, Offense, 11, 21.5, 34.0, 63.4, 257.4, 1.2, 41.3, 144.7, 3.5, 1.6, Defense, 11, 17.5, 30.5, 57.4, 226.0, 1.2, 42.6, 192.3, 4.5, 2.4, Difference, , +4.0, +3.5, +6.0, +31.4, 0.0, -1.3, -47.6, -1.0, -0.8, 
Cincinnati, 1985, Offense, 11, 14.6, 27.3, 53.7, 190.1, 1.1, 45.8, 145.5, 3.2, 1.0, Defense, 11, 17.8, 30.3, 58.9, 219.2, 0.9, 45.5, 205.3, 4.5, 1.8, Difference, , -3.2, -3.0, -5.2, -29.1, +0.2, +0.3, -59.8, -1.3, -0.8, 
Cincinnati, 1984, Offense, 11, 18.6, 37.5, 49.8, 215.8, 1.5, 32.3, 113.5, 3.5, 0.8, Defense, 11, 10.6, 20.1, 52.9, 168.2, 1.6, 56.9, 313.5, 5.5, 3.2, Difference, , +8.0, +17.4, -3.1, +47.6, -0.1, -24.6, -200.0, -2.0, -2.4, 
Cincinnati, 1983, Offense, 11, 19.4, 34.9, 55.5, 233.2, 1.5, 36.9, 105.5, 2.9, 0.5, Defense, 11, 13.5, 25.6, 52.5, 151.2, 0.9, 44.1, 177.8, 4.0, 1.7, Difference, , +5.9, +9.3, +3.0, +82.0, +0.6, -7.2, -72.3, -1.1, -1.2, 
Cincinnati, 1982, Offense, 11, 16.8, 30.8, 54.6, 208.6, 1.6, 40.1, 152.4, 3.8, 1.4, Defense, 11, 13.5, 24.0, 56.4, 164.5, 0.9, 44.3, 178.3, 4.0, 1.3, Difference, , +3.3, +6.8, -1.8, +44.1, +0.7, -4.2, -25.9, -0.2, +0.1, 
Cincinnati, 1981, Offense, 11, 8.8, 17.3, 51.1, 109.5, 0.5, 50.0, 167.6, 3.4, 1.4, Defense, 11, 10.7, 24.5, 43.9, 141.2, 1.2, 39.2, 119.3, 3.0, 1.0, Difference, , -1.9, -7.2, +7.2, -31.7, -0.7, +10.8, +48.3, +0.4, +0.4, 
Cincinnati, 1980, Offense, 11, 10.6, 19.9, 53.4, 122.3, 0.4, 44.5, 141.5, 3.2, 0.6, Defense, 11, 8.5, 15.6, 54.1, 114.9, , 52.8, 241.5, 4.6, , Difference, , +2.1, +4.3, -0.7, +7.4, +0.4, -8.3, -100.0, -1.4, +0.6, 
Cincinnati, 1979, Offense, 11, 9.7, 22.8, 42.6, 138.6, 0.5, 42.8, 136.1, 3.2, 1.3, Defense, 11, 10.8, 19.4, 55.9, 156.1, 1.5, 56.8, 234.0, 4.1, 2.0, Difference, , -1.1, +3.4, -13.3, -17.5, -1.0, -14.0, -97.9, -0.9, -0.7, 
Cincinnati, 1978, Offense, 11, 10.9, 23.6, 46.2, 139.8, 1.1, 54.0, 237.4, 4.4, 2.1, Defense, 11, 7.4, 18.8, 39.1, 95.8, 1.0, 47.6, 167.9, 3.5, 1.5, Difference, , +3.5, +4.8, +7.1, +44.0, +0.1, +6.4, +69.5, +0.9, +0.6, 
Cincinnati, 1977, Offense, 11, 5.9, 14.9, 39.6, 93.5, 0.6, 57.9, 247.9, 4.3, 2.0, Defense, 11, 12.5, 25.0, 49.8, 171.1, 0.5, 43.5, 79.2, 1.8, 0.7, Difference, , -6.6, -10.1, -10.2, -77.6, +0.1, +14.4, +168.7, +2.5, +1.3, 
Cincinnati, 1976, Offense, 11, 6.2, 15.5, 40.0, 84.9, 0.7, 51.7, 173.7, 3.4, 1.3, Defense, 11, 10.8, 23.4, 46.3, 121.6, 0.5, 46.4, 124.3, 2.7, 0.9, Difference, , -4.6, -7.9, -6.3, -36.7, +0.2, +5.3, +49.4, +0.7, +0.4, 
Cincinnati, 1975, Offense, 11, 7.4, 15.6, 47.1, 94.5, 0.3, 53.5, 179.4, 3.4, 1.7, Defense, 11, 9.5, 19.8, 48.2, 134.4, 0.7, 50.5, 164.5, 3.3, 1.2, Difference, , -2.1, -4.2, -1.1, -39.9, -0.4, +3.0, +14.9, +0.1, +0.5, 
Cincinnati, 1974, Offense, 11, 6.9, 16.3, 42.5, 91.5, 0.6, 52.2, 165.6, 3.2, 1.5, Defense, 11, 10.7, 25.4, 42.3, 149.9, 0.8, 49.3, 139.2, 2.8, 1.1, Difference, , -3.8, -9.1, +0.2, -58.4, -0.2, +2.9, +26.4, +0.4, +0.4, 
Cincinnati, 1973, Offense, 11, 7.7, 19.2, 40.3, 98.8, 0.4, 52.7, 165.0, 3.1, 1.8, Defense, 11, 11.5, 24.5, 47.2, 138.0, 0.5, 44.6, 104.3, 2.3, 0.5, Difference, , -3.8, -5.3, -6.9, -39.2, -0.1, +8.1, +60.7, +0.8, +1.3, 
Cincinnati, 1972, Offense, 11, 9.0, 22.3, 40.4, 93.6, 0.6, 41.5, 127.9, 3.1, 0.8, Defense, 11, 9.5, 21.2, 44.6, 122.2, 0.7, 58.4, 274.4, 4.7, 2.7, Difference, , -0.5, +1.1, -4.2, -28.6, -0.1, -16.9, -146.5, -1.6, -1.9, 
Cincinnati, 1971, Offense, 11, 3.9, 12.1, 32.3, 55.6, 0.5, 55.1, 221.5, 4.0, 1.5, Defense, 11, 6.0, 14.9, 40.2, 68.0, 0.5, 54.5, 225.1, 4.1, 1.8, Difference, , -2.1, -2.8, -7.9, -12.4, 0.0, +0.6, -3.6, -0.1, -0.3, 
Cincinnati, 1970, Offense, 11, 4.2, 13.5, 30.9, 57.6, 0.1, 58.1, 273.7, 4.7, 2.5, Defense, 11, 12.3, 26.4, 46.6, 154.4, 0.6, 47.4, 137.8, 2.9, 0.5, Difference, , -8.1, -12.9, -15.7, -96.8, -0.5, +10.7, +135.9, +1.8, +2.0, 
Cincinnati, 1969, Offense, 10, 9.7, 22.0, 44.1, 167.0, 1.3, 44.0, 104.6, 2.4, 1.0, Defense, 10, 14.2, 29.0, 49.0, 180.1, 1.1, 57.5, 242.8, 4.2, 2.9, Difference, , -4.5, -7.0, -4.9, -13.1, +0.2, -13.5, -138.2, -1.8, -1.9, 
Cincinnati, 1968, Offense, 10, 22.6, 43.3, 52.2, 335.8, 2.5, 36.8, 106.3, 2.9, 1.2, Defense, 10, 14.6, 31.6, 46.2, 223.9, 2.1, 47.7, 147.2, 3.1, 2.2, Difference, , +8.0, +11.7, +6.0, +111.9, +0.4, -10.9, -40.9, -0.2, -1.0, 
Cincinnati, 1967, Offense, 9, 9.6, 21.8, 43.9, 139.8, 0.8, 41.0, 104.3, 2.5, 0.8, Defense, 9, 11.7, 21.2, 55.0, 145.3, 0.9, 53.0, 216.9, 4.1, 1.8, Difference, , -2.1, +0.6, -11.1, -5.5, -0.1, -12.0, -112.6, -1.6, -1.0, 
Cincinnati, 1966, Offense, 10, 10.3, 21.6, 47.7, 120.0, 0.4, 48.8, 174.3, 3.6, 1.5, Defense, 10, 11.1, 23.5, 47.2, 153.8, 1.2, 36.6, 151.8, 4.1, 1.4, Difference, , -0.8, -1.9, +0.5, -33.8, -0.8, +12.2, +22.5, -0.5, +0.1, 
Cincinnati, 1965, Offense, 10, 4.0, 10.3, 38.8, 56.4, 0.6, 56.1, 218.3, 3.9, 1.7, Defense, 10, 11.6, 24.9, 46.6, 160.7, 1.7, 36.7, 84.1, 2.3, 0.6, Difference, , -7.6, -14.6, -7.8, -104.3, -1.1, +19.4, +134.2, +1.6, +1.1, 
Cincinnati, 1964, Offense, 10, 5.5, 11.3, 48.7, 79.7, 0.6, 49.2, 242.2, 4.9, 2.5, Defense, 10, 9.8, 17.6, 55.7, 118.8, 0.7, 39.1, 134.0, 3.4, 0.6, Difference, , -4.3, -6.3, -7.0, -39.1, -0.1, +10.1, +108.2, +1.5, +1.9, 
Cincinnati, 1963, Offense, 10, 8.4, 15.4, 54.5, 117.4, 1.0, 46.2, 232.0, 5.0, 2.3, Defense, 10, 7.9, 17.9, 44.1, 105.0, 0.5, 46.8, 192.1, 4.1, 1.3, Difference, , +0.5, -2.5, +10.4, +12.4, +0.5, -0.6, +39.9, +0.9, +1.0, 
Cincinnati, 1962, Offense, 10, 8.4, 15.4, 54.5, 117.4, 1.0, 46.2, 232.0, 5.0, 2.3, Defense, 10, 7.9, 17.9, 44.1, 105.0, 0.5, 46.8, 192.1, 4.1, 1.3, Difference, , +0.5, -2.5, +10.4, +12.4, +0.5, -0.6, +39.9, +0.9, +1.0, 
Cincinnati, 1961, Offense, 10, 5.3, 13.8, 38.4, 57.9, 0.2, 44.7, 138.9, 3.1, 0.8, Defense, 10, 5.0, 14.1, 35.5, 80.9, 0.6, 43.4, 163.1, 3.8, 1.1, Difference, , +0.3, -0.3, +2.9, -23.0, -0.4, +1.3, -24.2, -0.7, -0.3, 
Cincinnati, 1960, Offense, 10, 8.3, 22.3, 37.2, 116.4, 0.4, 45.5, 134.3, 3.0, 1.1, Defense, 10, 7.0, 16.3, 42.9, 79.6, 0.8, 37.5, 137.8, 3.7, 0.9, Difference, , +1.3, +6.0, -5.7, +36.8, -0.4, +8.0, -3.5, -0.7, +0.2, 
Cincinnati, 1959, Offense, 10, 13.5, 24.1, 56.0, 158.5, 0.9, 41.8, 138.8, 3.3, 1.7, Defense, 10, 7.8, 18.0, 43.3, 108.8, 0.7, 44.3, 148.1, 3.3, 1.4, Difference, , +5.7, +6.1, +12.7, +49.7, +0.2, -2.5, -9.3, 0.0, +0.3, 
Cincinnati, 1958, Offense, 10, 8.4, 15.4, 54.5, 110.9, 0.6, 42.8, 152.3, 3.6, 1.2, Defense, 10, 7.0, 15.3, 45.8, 87.5, 0.4, 46.1, 152.3, 3.3, 1.2, Difference, , +1.4, +0.1, +8.7, +23.4, +0.2, -3.3, 0.0, +0.3, 0.0, 
Cincinnati, 1957, Offense, 10, 4.2, 9.8, 42.9, 58.5, 0.1, 50.3, 170.3, 3.4, 1.7, Defense, 10, 5.5, 15.4, 35.7, 84.5, 0.6, 40.2, 122.0, 3.0, 0.8, Difference, , -1.3, -5.6, +7.2, -26.0, -0.5, +10.1, +48.3, +0.4, +0.9, 
Cincinnati, 1956, Offense, 9, 5.6, 14.3, 38.8, 79.7, 0.6, 41.2, 149.7, 3.6, 1.3, Defense, 9, 6.0, 15.8, 38.0, 90.8, 0.4, 54.1, 187.7, 3.5, 1.8, Difference, , -0.4, -1.5, +0.8, -11.1, +0.2, -12.9, -38.0, +0.1, -0.5, 
Citadel, 1981, Offense, 11, 7.9, 15.1, 52.4, 113.8, 0.9, 53.0, 254.6, 4.8, 2.1, Defense, 11, 14.5, 28.4, 51.0, 158.8, 0.7, 41.5, 101.1, 2.4, 0.9, Difference, , -6.6, -13.3, +1.4, -45.0, +0.2, +11.5, +153.5, +2.4, +1.2, 
Citadel, 1980, Offense, 11, 7.0, 14.5, 48.4, 101.5, 0.3, 58.3, 278.7, 4.8, 2.9, Defense, 11, 11.2, 23.9, 46.8, 151.5, 0.9, 42.2, 177.4, 4.2, 1.3, Difference, , -4.2, -9.4, +1.6, -50.0, -0.6, +16.1, +101.3, +0.6, +1.6, 
Citadel, 1979, Offense, 11, 6.3, 16.4, 38.3, 107.1, 1.1, 50.5, 236.7, 4.7, 1.9, Defense, 11, 8.7, 16.5, 53.0, 130.7, 1.0, 58.5, 281.3, 4.8, 2.4, Difference, , -2.4, -0.1, -14.7, -23.6, +0.1, -8.0, -44.6, -0.1, -0.5, 
Citadel, 1978, Offense, 11, 10.8, 20.0, 54.1, 166.0, 0.9, 46.3, 192.6, 4.2, 1.3, Defense, 11, 10.7, 22.2, 48.4, 153.9, 0.7, 54.8, 249.0, 4.5, 2.1, Difference, , +0.1, -2.2, +5.7, +12.1, +0.2, -8.5, -56.4, -0.3, -0.8, 
Citadel, 1977, Offense, 11, 11.7, 23.8, 49.2, 133.6, 0.2, 41.5, 127.6, 3.1, 1.2, Defense, 11, 9.4, 21.5, 43.6, 134.4, 0.6, 55.2, 193.8, 3.5, 1.2, Difference, , +2.3, +2.3, +5.6, -0.8, -0.4, -13.7, -66.2, -0.4, 0.0, 
Citadel, 1976, Offense, 11, 11.4, 21.2, 53.6, 132.9, 0.5, 45.1, 135.3, 3.0, 1.1, Defense, 11, 8.1, 18.6, 43.4, 103.7, 0.7, , 210.6, , 1.2, Difference, , +3.3, +2.6, +10.2, +29.2, -0.2, +45.1, -75.3, +3.0, -0.1, 
Citadel, 1973, Offense, 11, 7.4, 18.4, 40.1, 94.7, 0.3, 45.6, 165.2, 3.6, 1.5, Defense, 11, 8.2, 16.2, 50.6, 133.8, 0.8, 56.2, 233.3, 4.2, 2.3, Difference, , -0.8, +2.2, -10.5, -39.1, -0.5, -10.6, -68.1, -0.6, -0.8, 
Citadel, 1972, Offense, 11, 8.3, 19.6, 42.1, 115.2, 0.7, 48.4, 223.7, 4.6, 1.9, Defense, 11, 9.2, 19.1, 48.1, 119.3, 0.8, 53.2, 217.4, 4.1, 1.2, Difference, , -0.9, +0.5, -6.0, -4.1, -0.1, -4.8, +6.3, +0.5, +0.7, 
Citadel, 1971, Offense, 11, 10.3, 21.8, 47.1, 189.8, 1.4, 48.8, 267.5, 5.5, 2.8, Defense, 11, 11.8, 24.2, 48.9, 159.6, 1.5, 50.1, 170.7, 3.4, 1.6, Difference, , -1.5, -2.4, -1.8, +30.2, -0.1, -1.3, +96.8, +2.1, +1.2, 
Citadel, 1970, Offense, 11, 5.6, 14.8, 38.0, 107.1, 0.7, 47.3, 208.8, 4.4, 1.9, Defense, 11, 9.8, 25.4, 38.7, 116.4, , 53.6, 203.4, 3.8, , Difference, , -4.2, -10.6, -0.7, -9.3, +0.7, -6.3, +5.4, +0.6, +1.9, 
Citadel, 1969, Offense, 10, 11.5, 24.7, 46.6, 162.3, 1.3, 50.4, 214.9, 4.3, 2.2, Defense, 10, 13.8, 30.4, 45.4, 168.9, 1.4, 47.3, 118.6, 2.5, 1.2, Difference, , -2.3, -5.7, +1.2, -6.6, -0.1, +3.1, +96.3, +1.8, +1.0, 
Citadel, 1968, Offense, 10, 8.2, 19.9, 41.2, 121.4, 0.8, 49.1, 140.4, 2.9, 1.5, Defense, 10, 14.0, 25.5, 54.9, 163.4, , 51.2, 125.5, 2.5, , Difference, , -5.8, -5.6, -13.7, -42.0, +0.8, -2.1, +14.9, +0.4, +1.5, 
Citadel, 1967, Offense, 10, 8.7, 20.1, 43.3, 137.4, 1.0, 47.2, 143.9, 3.0, 1.0, Defense, 10, 13.6, 26.7, 50.9, 144.8, , 47.4, 143.0, 3.0, , Difference, , -4.9, -6.6, -7.6, -7.4, +1.0, -0.2, +0.9, 0.0, +1.0, 
Citadel, 1966, Offense, 10, 7.0, 17.2, 40.7, 91.6, 0.4, 51.8, 168.2, 3.2, 0.8, Defense, 10, 9.7, 19.1, 50.8, 122.6, 0.8, 44.5, 158.2, 3.6, 1.3, Difference, , -2.7, -1.9, -10.1, -31.0, -0.4, +7.3, +10.0, -0.4, -0.5, 
Citadel, 1965, Offense, 10, 6.6, 19.1, 34.6, 79.8, 0.0, 40.5, 104.4, 2.6, 0.7, Defense, 10, 6.6, 12.7, 52.0, 80.0, , 52.4, 162.8, 3.1, , Difference, , 0.0, +6.4, -17.4, -0.2, 0.0, -11.9, -58.4, -0.5, +0.7, 
Citadel, 1964, Offense, 10, 9.4, 18.4, 51.1, 96.7, 0.3, 45.4, 138.4, 3.0, 1.1, Defense, 10, 5.9, 16.2, 36.4, 75.5, , 43.0, 149.0, 3.5, , Difference, , +3.5, +2.2, +14.7, +21.2, +0.3, +2.4, -10.6, -0.5, +1.1, 
Citadel, 1963, Offense, 10, 10.7, 19.3, 55.4, 106.1, 0.5, 41.4, 143.8, 3.5, 1.5, Defense, 10, 6.4, 15.2, 42.1, 92.9, , 46.9, 191.3, 4.1, , Difference, , +4.3, +4.1, +13.3, +13.2, +0.5, -5.5, -47.5, -0.6, +1.5, 
Citadel, 1962, Offense, 10, 8.9, 21.4, 41.6, 131.7, 1.0, 36.3, 110.4, 3.0, 0.9, Defense, 10, 7.8, 15.7, 49.7, 112.0, , 50.9, 260.1, 5.1, , Difference, , +1.1, +5.7, -8.1, +19.7, +1.0, -14.6, -149.7, -2.1, +0.9, 
Citadel, 1961, Offense, 10, 9.4, 22.0, 42.7, 135.4, 1.0, 40.3, 113.7, 2.8, 0.7, Defense, 10, 7.2, 16.6, 43.4, 83.8, 0.9, 48.1, 220.9, 4.6, 1.2, Difference, , +2.2, +5.4, -0.7, +51.6, +0.1, -7.8, -107.2, -1.8, -0.5, 
Citadel, 1960, Offense, 11, 6.4, 14.1, 45.2, 92.6, 0.6, 43.5, 171.5, 3.9, 1.5, Defense, 11, 5.3, 13.4, 39.5, 54.9, 0.3, 47.9, 185.1, 3.9, 0.9, Difference, , +1.1, +0.7, +5.7, +37.7, +0.3, -4.4, -13.6, 0.0, +0.6, 
Citadel, 1959, Offense, 10, 7.1, 14.2, 50.0, 117.8, 1.4, 43.1, 150.0, 3.5, 1.5, Defense, 10, 8.0, 16.3, 49.1, 100.9, , , 164.0, , , Difference, , -0.9, -2.1, +0.9, +16.9, +1.4, +43.1, -14.0, +3.5, +1.5, 
Citadel, 1958, Offense, 10, 6.0, 16.2, 37.0, 89.4, 0.5, 47.0, 153.0, 3.3, 1.3, Defense, 10, 5.2, 12.4, 41.9, 88.0, 1.0, 46.0, 175.1, 3.8, 1.8, Difference, , +0.8, +3.8, -4.9, +1.4, -0.5, +1.0, -22.1, -0.5, -0.5, 
Citadel, 1957, Offense, 10, 6.4, 13.1, 48.9, 109.3, 0.7, 44.8, 159.5, 3.6, 1.0, Defense, 10, 7.1, 14.9, 47.7, 97.2, 0.8, 48.9, 182.0, 3.7, 1.2, Difference, , -0.7, -1.8, +1.2, +12.1, -0.1, -4.1, -22.5, -0.1, -0.2, 
Citadel, 1956, Offense, 9, 4.3, 11.7, 37.1, 57.3, 0.3, 53.3, 195.4, 3.7, 1.7, Defense, 9, 6.6, 13.6, 48.4, 89.4, 0.1, 55.7, 216.8, 3.9, 2.1, Difference, , -2.3, -1.9, -11.3, -32.1, +0.2, -2.4, -21.4, -0.2, -0.4, 
Clemson, 2014, Offense, 7, 23.9, 37.1, 64.2, 301.0, 1.9, 42.4, 139.1, 3.3, 1.7, 79.6, 440.1, 5.5, 12.1, 8.0, 1.3, 21.4, 3.9, 34.3, 0.3, 0.6, 0.9, Defense, 7, 15.6, 29.7, 52.4, 179.6, 1.1, 34.0, 103.9, 3.1, 1.3, 63.7, 283.4, 4.4, 6.6, 6.4, 1.3, 14.3, 7.9, 58.0, 0.9, 0.6, 1.4, Difference, , +8.3, +7.4, +11.8, +121.4, +0.8, +8.4, +35.2, +0.2, +0.4, +15.9, +156.7, +1.1, +5.5, +1.6, 0.0, +7.1, -4.0, -23.7, -0.6, 0.0, -0.5, 
Clemson, 2013, Offense, 13, 26.2, 37.9, 69.2, 333.1, 3.0, 41.8, 175.0, 4.2, 2.0, 79.8, 508.1, 6.4, 14.0, 10.0, 1.2, 25.2, 5.6, 50.5, 0.9, 0.9, 1.8, Defense, 13, 15.5, 29.1, 53.4, 201.0, 1.1, 41.8, 156.1, 3.7, 1.7, 70.8, 357.1, 5.0, 8.6, 7.5, 1.8, 18.0, 6.5, 52.2, 0.9, 1.4, 2.3, Difference, , +10.7, +8.8, +15.8, +132.1, +1.9, 0.0, +18.9, +0.5, +0.3, +9.0, +151.0, +1.4, +5.4, +2.5, -0.6, +7.2, -0.9, -1.7, 0.0, -0.5, -0.5, 
Clemson, 2012, Offense, 13, 24.5, 36.5, 67.1, 321.6, 3.1, 45.2, 191.1, 4.2, 2.0, 81.7, 512.7, 6.3, 13.8, 11.2, 1.2, 26.2, 5.2, 43.2, 0.5, 1.1, 1.6, Defense, 13, 19.1, 32.8, 58.1, 240.3, 1.8, 37.3, 155.9, 4.2, 1.2, 70.2, 396.2, 5.6, 9.6, 7.6, 1.7, 18.9, 5.5, 45.2, 0.8, 1.0, 1.8, Difference, , +5.4, +3.7, +9.0, +81.3, +1.3, +7.9, +35.2, 0.0, +0.8, +11.5, +116.5, +0.7, +4.2, +3.6, -0.5, +7.3, -0.3, -2.0, -0.3, +0.1, -0.2, 
Clemson, 2011, Offense, 14, 22.2, 37.5, 59.2, 282.3, 2.4, 37.9, 158.5, 4.2, 1.6, 75.4, 440.8, 5.8, 13.0, 8.2, 1.3, 22.5, 4.4, 40.1, 0.9, 0.9, 1.7, Defense, 14, 17.4, 29.8, 58.3, 217.5, 1.9, 40.6, 176.9, 4.4, 1.5, 70.4, 394.4, 5.6, 9.2, 9.4, 1.6, 20.2, 5.6, 50.1, 0.6, 1.0, 1.6, Difference, , +4.8, +7.7, +0.9, +64.8, +0.5, -2.7, -18.4, -0.2, +0.1, +5.0, +46.4, +0.2, +3.8, -1.2, -0.3, +2.3, -1.2, -10.0, +0.3, -0.1, +0.1, 
Clemson, 2010, Offense, 13, 17.7, 31.5, 56.2, 195.6, 1.3, 35.2, 139.0, 4.0, 1.5, 66.6, 334.6, 5.0, 9.2, 6.8, 1.9, 18.0, 6.0, 55.2, 0.7, 1.1, 1.8, Defense, 13, 15.8, 29.4, 53.7, 191.8, 1.4, 37.2, 128.5, 3.5, 0.6, 66.6, 320.3, 4.8, 8.1, 7.1, 1.9, 17.1, 6.8, 64.6, 0.4, 1.2, 1.5, Difference, , +1.9, +2.1, +2.5, +3.8, -0.1, -2.0, +10.5, +0.5, +0.9, 0.0, +14.3, +0.2, +1.1, -0.3, 0.0, +0.9, -0.8, -9.4, +0.3, -0.1, +0.3, 
Clemson, 2009, Offense, 14, 15.7, 27.9, 56.4, 192.0, 1.6, 35.4, 170.4, 4.8, 1.7, 63.3, 362.4, 5.7, 8.4, 8.1, 0.9, 17.5, 4.9, 44.9, 0.8, 0.9, 1.7, Defense, 14, 13.2, 25.8, 51.2, 162.8, 1.4, 43.3, 151.5, 3.5, 0.6, 69.1, 314.3, 4.6, 6.6, 9.3, 1.8, 17.7, 5.8, 44.6, 0.6, 1.5, 2.1, Difference, , +2.5, +2.1, +5.2, +29.2, +0.2, -7.9, +18.9, +1.3, +1.1, -5.8, +48.1, +1.1, +1.8, -1.2, -0.9, -0.2, -0.9, +0.3, +0.2, -0.6, -0.4, 
Clemson, 2008, Offense, 13, 19.1, 30.8, 62.0, 217.8, 1.2, 33.2, 111.5, 3.4, 1.7, 63.9, 329.4, 5.2, 9.9, 6.4, 1.8, 18.2, 5.5, 47.5, 1.0, 1.2, 2.2, Defense, 13, 18.4, 32.9, 55.8, 172.5, 1.1, 34.1, 127.4, 3.7, 0.5, 67.0, 299.9, 4.5, 8.4, 6.5, 1.1, 16.0, 6.5, 52.6, 0.7, 1.5, 2.2, Difference, , +0.7, -2.1, +6.2, +45.3, +0.1, -0.9, -15.9, -0.3, +1.2, -3.1, +29.5, +0.7, +1.5, -0.1, +0.7, +2.2, -1.0, -5.1, +0.3, -0.3, 0.0, 
Clemson, 2007, Offense, 13, 22.7, 35.0, 64.8, 242.1, 2.3, 39.1, 161.2, 4.1, 1.4, 74.1, 403.2, 5.4, 11.8, 9.5, 1.2, 22.5, 5.2, 43.1, 0.5, 0.5, 0.9, Defense, 13, 19.0, 32.7, 58.1, 188.5, 0.9, 34.8, 118.3, 3.4, 1.0, 67.5, 306.8, 4.5, 9.5, 6.8, 0.9, 17.2, 7.2, 50.9, 0.7, 1.2, 1.9, Difference, , +3.7, +2.3, +6.7, +53.6, +1.4, +4.3, +42.9, +0.7, +0.4, +6.6, +96.4, +0.9, +2.3, +2.7, +0.3, +5.3, -2.0, -7.8, -0.2, -0.7, -1.0, 
Clemson, 2006, Offense, 13, 15.2, 25.2, 60.6, 193.1, 1.4, 38.1, 217.8, 5.7, 2.4, 63.2, 410.9, 6.5, 7.7, 10.2, 1.2, 19.0, 4.2, 36.2, 1.3, 0.8, 2.2, Defense, 13, 16.5, 29.6, 55.6, 177.7, 0.7, 35.6, 103.1, 2.9, 1.0, 65.2, 280.8, 4.3, 8.8, 6.6, 0.8, 16.2, 5.9, 46.5, 1.2, 1.1, 2.3, Difference, , -1.3, -4.4, +5.0, +15.4, +0.7, +2.5, +114.7, +2.8, +1.4, -2.0, +130.1, +2.2, -1.1, +3.6, +0.4, +2.8, -1.7, -10.3, +0.1, -0.3, -0.1, 
Clemson, 2005, Offense, 12, 20.7, 31.4, 65.8, 231.6, 1.2, 37.5, 153.0, 4.1, 1.7, 68.9, 384.6, 5.6, 9.9, 9.2, 1.9, 21.0, 4.8, 40.5, 0.4, 0.8, 1.3, Defense, 12, 17.6, 31.1, 56.6, 196.0, 0.8, 35.9, 120.6, 3.4, 1.0, 67.0, 316.6, 4.7, 9.3, 6.6, 1.2, 17.1, 8.5, 65.6, 0.8, 1.2, 2.0, Difference, , +3.1, +0.3, +9.2, +35.6, +0.4, +1.6, +32.4, +0.7, +0.7, +1.9, +68.0, +0.9, +0.6, +2.6, +0.7, +3.9, -3.7, -25.1, -0.4, -0.4, -0.7, 
Clemson, 2004, Offense, 11, 16.2, 32.3, 50.1, 188.1, 0.6, 34.5, 107.5, 3.1, 1.4, 66.8, 295.6, 4.4, 8.3, 6.3, 2.1, 16.6, 5.3, 45.2, 0.6, 1.5, 2.2, Defense, 11, 16.6, 32.6, 51.0, 191.6, 0.9, 42.4, 135.6, 3.2, 1.4, 75.0, 327.3, 4.4, 8.8, 9.1, 1.0, 18.9, 7.3, 59.4, 0.5, 1.0, 1.5, Difference, , -0.4, -0.3, -0.9, -3.5, -0.3, -7.9, -28.1, -0.1, 0.0, -8.2, -31.7, 0.0, -0.5, -2.8, +1.1, -2.3, -2.0, -14.2, +0.1, +0.5, +0.7, 
Clemson, 2003, Offense, 13, 23.1, 37.7, 61.2, 283.6, 1.8, 35.8, 136.8, 3.8, 1.5, 73.5, 420.5, 5.7, 12.0, 8.5, 2.8, 23.3, 6.4, 56.5, 0.5, 1.0, 1.5, Defense, 13, 17.7, 31.5, 56.2, 204.5, 1.2, 37.8, 131.8, 3.5, 1.1, 69.2, 336.3, 4.9, 9.8, 7.9, 1.2, 19.0, 6.2, 59.9, 0.7, 1.1, 1.8, Difference, , +5.4, +6.2, +5.0, +79.1, +0.6, -2.0, +5.0, +0.3, +0.4, +4.3, +84.2, +0.8, +2.2, +0.6, +1.6, +4.3, +0.2, -3.4, -0.2, -0.1, -0.3, 
Clemson, 2002, Offense, 13, 20.6, 35.5, 58.0, 242.8, 1.2, 35.2, 120.7, 3.4, 1.7, 70.8, 363.5, 5.1, 10.1, 8.1, 1.7, 19.8, 6.2, 59.2, 1.2, 1.0, 2.2, Defense, 13, 17.9, 29.9, 59.9, 197.2, 1.5, 40.8, 158.2, 3.9, 1.3, 70.7, 355.4, 5.0, 8.4, 8.1, 2.2, 18.7, 6.8, 59.8, 0.7, 1.6, 2.3, Difference, , +2.7, +5.6, -1.9, +45.6, -0.3, -5.6, -37.5, -0.5, +0.4, +0.1, +8.1, +0.1, +1.7, 0.0, -0.5, +1.1, -0.6, -0.6, +0.5, -0.6, -0.1, 
Clemson, 2001, Offense, 11, 19.1, 33.3, 57.4, 237.2, 1.6, 42.1, 184.3, 4.4, 2.0, 75.4, 421.5, 5.6, 10.0, 11.7, 1.4, 23.1, 8.8, 75.5, 0.8, 1.3, 2.1, Defense, 11, 16.9, 30.7, 55.0, 226.0, 1.9, 42.3, 163.9, 3.9, 1.6, 73.0, 389.9, 5.3, 10.2, 9.2, 2.3, 21.6, 6.7, 58.7, 0.5, 0.9, 1.5, Difference, , +2.2, +2.6, +2.4, +11.2, -0.3, -0.2, +20.4, +0.5, +0.4, +2.4, +31.6, +0.3, -0.2, +2.5, -0.9, +1.5, +2.1, +16.8, +0.3, +0.4, +0.6, 
Clemson, 2000, Offense, 11, 14.5, 26.9, 53.7, 210.1, 1.5, 50.6, 236.4, 4.7, 3.0, 77.5, 446.5, 5.8, 8.5, 12.6, 1.6, 22.7, 8.8, 80.9, 0.8, 0.8, 1.6, Defense, 11, 16.5, 33.4, 49.6, 238.6, 0.8, 36.1, 101.8, 2.8, 1.4, 69.5, 340.5, 4.9, 9.4, 5.7, 2.2, 17.3, 7.5, 69.5, 0.8, 1.3, 2.1, Difference, , -2.0, -6.5, +4.1, -28.5, +0.7, +14.5, +134.6, +1.9, +1.6, +8.0, +106.0, +0.9, -0.9, +6.9, -0.6, +5.4, +1.3, +11.4, 0.0, -0.5, -0.5, 
Clemson, 1999, Offense, 12, 21.0, 35.3, 59.6, 251.6, 1.2, 41.4, 151.0, 3.6, 2.3, Defense, 12, 16.2, 31.5, 51.3, 200.1, 0.9, 40.2, 131.7, 3.3, 1.4, Difference, , +4.8, +3.8, +8.3, +51.5, +0.3, +1.2, +19.3, +0.3, +0.9, 
Clemson, 1998, Offense, 11, 14.4, 27.2, 52.8, 184.5, 1.2, 37.5, 120.4, 3.2, 1.0, Defense, 11, 14.5, 29.7, 48.9, 215.5, 1.4, 37.7, 104.5, 2.8, 1.5, Difference, , -0.1, -2.5, +3.9, -31.0, -0.2, -0.2, +15.9, +0.4, -0.5, 
Clemson, 1997, Offense, 12, 15.7, 25.9, 60.5, 191.6, 1.3, 42.2, 152.7, 3.6, 1.1, Defense, 12, 16.9, 33.6, 50.4, 227.2, 0.8, 33.2, 89.8, 2.7, 1.0, Difference, , -1.2, -7.7, +10.1, -35.6, +0.5, +9.0, +62.9, +0.9, +0.1, 
Clemson, 1996, Offense, 12, 10.5, 20.3, 51.6, 136.1, 0.7, 45.3, 198.6, 4.4, 1.7, Defense, 12, 14.2, 26.2, 54.1, 199.6, 0.9, 40.5, 139.3, 3.4, 1.3, Difference, , -3.7, -5.9, -2.5, -63.5, -0.2, +4.8, +59.3, +1.0, +0.4, 
Clemson, 1995, Offense, 12, 10.2, 17.9, 56.7, 134.3, 0.9, 53.8, 245.4, 4.6, 2.0, Defense, 12, 16.9, 33.3, 50.9, 213.7, 1.3, 34.6, 125.0, 3.6, 1.0, Difference, , -6.7, -15.4, +5.8, -79.4, -0.4, +19.2, +120.4, +1.0, +1.0, 
Clemson, 1994, Offense, 11, 9.6, 20.5, 47.1, 98.5, 0.4, 49.5, 173.9, 3.5, 1.1, Defense, 11, 19.1, 32.4, 59.0, 216.6, 0.8, 34.5, 113.5, 3.3, 0.8, Difference, , -9.5, -11.9, -11.9, -118.1, -0.4, +15.0, +60.4, +0.2, +0.3, 
Clemson, 1993, Offense, 12, 8.3, 16.8, 49.5, 133.1, 0.6, 50.2, 177.6, 3.5, 1.3, Defense, 12, 16.9, 31.5, 53.7, 208.6, 1.0, 36.4, 129.2, 3.5, 0.8, Difference, , -8.6, -14.7, -4.2, -75.5, -0.4, +13.8, +48.4, 0.0, +0.5, 
Clemson, 1992, Offense, 11, 9.4, 22.2, 42.2, 111.5, 0.4, 52.7, 257.1, 4.9, 1.9, Defense, 11, 16.6, 31.0, 53.7, 212.3, 1.7, 37.5, 120.1, 3.2, 0.5, Difference, , -7.2, -8.8, -11.5, -100.8, -1.3, +15.2, +137.0, +1.7, +1.4, 
Clemson, 1991, Offense, 12, 11.7, 21.7, 53.8, 151.4, 0.7, 54.8, 251.6, 4.6, 2.4, Defense, 12, 16.0, 32.6, 49.1, 211.5, 1.1, 33.5, 61.1, 1.8, 0.6, Difference, , -4.3, -10.9, +4.7, -60.1, -0.4, +21.3, +190.5, +2.8, +1.8, 
Clemson, 1990, Offense, 12, 8.9, 17.9, 49.8, 109.1, 0.6, 55.6, 246.3, 4.4, 2.0, Defense, 12, 13.9, 28.8, 48.4, 148.5, 0.4, 33.5, 70.7, 2.1, 0.4, Difference, , -5.0, -10.9, +1.4, -39.4, +0.2, +22.1, +175.6, +2.3, +1.6, 
Clemson, 1989, Offense, 12, 9.8, 16.3, 60.0, 143.3, 0.6, 56.5, 236.8, 4.2, 2.7, Defense, 12, 15.4, 31.6, 48.8, 168.8, 0.7, 30.6, 96.6, 3.2, 0.4, Difference, , -5.6, -15.3, +11.2, -25.5, -0.1, +25.9, +140.2, +1.0, +2.3, 
Clemson, 1988, Offense, 12, 7.1, 16.8, 42.3, 114.5, 0.6, 56.1, 270.1, 4.8, 2.8, Defense, 12, 14.3, 28.7, 49.7, 161.3, 0.8, 37.0, 116.2, 3.1, 0.5, Difference, , -7.2, -11.9, -7.4, -46.8, -0.2, +19.1, +153.9, +1.7, +2.3, 
Clemson, 1987, Offense, 12, 9.1, 18.8, 48.2, 130.8, 0.5, 55.1, 247.7, 4.5, 2.6, Defense, 12, 13.9, 28.3, 49.3, 162.8, 0.8, 34.7, 82.6, 2.4, 0.7, Difference, , -4.8, -9.5, -1.1, -32.0, -0.3, +20.4, +165.1, +2.1, +1.9, 
Clemson, 1986, Offense, 12, 8.7, 17.7, 49.1, 110.4, 0.4, 58.8, 270.4, 4.6, 2.6, Defense, 12, 17.0, 35.2, 48.3, 202.8, 0.9, 32.8, 104.4, 3.2, 0.8, Difference, , -8.3, -17.5, +0.8, -92.4, -0.5, +26.0, +166.0, +1.4, +1.8, 
Clemson, 1985, Offense, 12, 10.4, 21.4, 48.6, 132.9, 0.5, 50.3, 224.0, 4.5, 1.7, Defense, 12, 15.0, 26.6, 56.4, 180.3, 1.0, 47.3, 180.6, 3.8, 0.9, Difference, , -4.6, -5.2, -7.8, -47.4, -0.5, +3.0, +43.4, +0.7, +0.8, 
Clemson, 1984, Offense, 11, 12.5, 22.5, 55.5, 168.9, 1.5, 47.4, 211.5, 4.5, 2.2, Defense, 11, 13.3, 27.5, 48.2, 175.6, 0.8, 46.0, 174.6, 3.8, 1.3, Difference, , -0.8, -5.0, +7.3, -6.7, +0.7, +1.4, +36.9, +0.7, +0.9, 
Clemson, 1983, Offense, 11, 9.5, 17.3, 54.7, 133.4, 1.2, 53.5, 250.2, 4.7, 2.4, Defense, 11, 19.5, 34.5, 56.5, 222.5, 1.2, 38.6, 144.4, 3.7, 0.8, Difference, , -10.0, -17.2, -1.8, -89.1, 0.0, +14.9, +105.8, +1.0, +1.6, 
Clemson, 1982, Offense, 11, 8.9, 16.2, 55.1, 115.0, 0.5, 56.2, 236.7, 4.2, 2.6, Defense, 11, 18.9, 34.2, 55.3, 226.3, 0.8, 36.4, 97.1, 2.7, 0.6, Difference, , -10.0, -18.0, -0.2, -111.3, -0.3, +19.8, +139.6, +1.5, +2.0, 
Clemson, 1981, Offense, 12, 9.3, 17.1, 54.6, 143.4, 0.8, 58.8, 248.1, 4.2, 2.7, Defense, 12, 13.7, 29.1, 47.0, 154.5, 0.5, 38.4, 97.4, 2.5, 0.4, Difference, , -4.4, -12.0, +7.6, -11.1, +0.3, +20.4, +150.7, +1.7, +2.3, 
Clemson, 1980, Offense, 11, 9.9, 20.3, 48.9, 152.9, 0.4, 53.6, 181.2, 3.4, 1.4, Defense, 11, 13.5, 24.3, 55.4, 153.3, 0.9, 44.8, 150.2, 3.4, 1.2, Difference, , -3.6, -4.0, -6.5, -0.4, -0.5, +8.8, +31.0, 0.0, +0.2, 
Clemson, 1979, Offense, 12, 7.8, 15.5, 50.0, 101.0, 0.3, 60.4, 224.1, 3.7, 1.4, Defense, 12, 9.9, 21.9, 45.2, 124.3, 0.5, 41.3, 112.8, 2.7, 0.4, Difference, , -2.1, -6.4, +4.8, -23.3, -0.2, +19.1, +111.3, +1.0, +1.0, 
Clemson, 1978, Offense, 12, 9.3, 17.1, 54.1, 138.8, 0.6, 61.8, 289.1, 4.7, 3.3, Defense, 12, 9.3, 19.1, 48.9, 109.0, 0.4, 45.5, 153.6, 3.4, 0.8, Difference, , 0.0, -2.0, +5.2, +29.8, +0.2, +16.3, +135.5, +1.3, +2.5, 
Clemson, 1977, Offense, 12, 8.4, 15.8, 53.2, 129.0, 0.8, 50.3, 188.3, 3.7, 1.5, Defense, 12, 6.5, 17.1, 38.0, 95.1, 0.3, 46.0, 156.3, 3.4, 1.1, Difference, , +1.9, -1.3, +15.2, +33.9, +0.5, +4.3, +32.0, +0.3, +0.4, 
Clemson, 1976, Offense, 11, 7.9, 16.1, 49.2, 113.2, 0.7, 52.1, 223.8, 4.3, 1.4, Defense, 11, 10.5, 20.3, 51.6, 146.8, 0.7, 53.3, 235.1, 4.4, 1.7, Difference, , -2.6, -4.2, -2.4, -33.6, 0.0, -1.2, -11.3, -0.1, -0.3, 
Clemson, 1975, Offense, 11, 10.1, 18.9, 53.4, 163.5, 0.8, 48.9, 174.9, 3.6, 1.4, Defense, 11, 6.8, 12.5, 54.7, 92.5, 1.2, 58.9, 310.5, 5.3, 3.3, Difference, , +3.3, +6.4, -1.3, +71.0, -0.4, -10.0, -135.6, -1.7, -1.9, 
Clemson, 1974, Offense, 11, 5.6, 12.5, 44.9, 101.5, 1.2, 55.5, 231.2, 4.2, 1.9, Defense, 11, 9.3, 19.0, 48.8, 128.5, 0.6, 52.7, 235.1, 4.5, 2.1, Difference, , -3.7, -6.5, -3.9, -27.0, +0.6, +2.8, -3.9, -0.3, -0.2, 
Clemson, 1973, Offense, 11, 8.2, 18.6, 43.9, 137.5, 0.8, 53.7, 227.0, 4.2, 2.1, Defense, 11, 8.5, 17.3, 48.9, 111.1, 0.6, 56.7, 259.1, 4.6, 2.5, Difference, , -0.3, +1.3, -5.0, +26.4, +0.2, -3.0, -32.1, -0.4, -0.4, 
Clemson, 1972, Offense, 11, 5.8, 13.8, 42.1, 79.1, 0.2, 53.6, 187.1, 3.5, 1.3, Defense, 11, 9.5, 19.3, 49.1, 133.0, 0.6, 51.0, 221.2, 4.3, 1.9, Difference, , -3.7, -5.5, -7.0, -53.9, -0.4, +2.6, -34.1, -0.8, -0.6, 
Clemson, 1971, Offense, 11, 7.5, 17.5, 42.7, 114.8, 0.7, 50.4, 143.8, 2.9, 0.7, Defense, 11, 9.8, 21.1, 46.6, 116.5, 0.6, 48.5, 188.9, 3.9, 1.3, Difference, , -2.3, -3.6, -3.9, -1.7, +0.1, +1.9, -45.1, -1.0, -0.6, 
Clemson, 1970, Offense, 11, 13.2, 27.5, 48.0, 141.7, 0.7, 41.6, 109.2, 2.6, 0.7, Defense, 11, 13.5, 23.6, 56.9, 180.6, 1.5, 52.5, 252.8, 4.8, 2.2, Difference, , -0.3, +3.9, -8.9, -38.9, -0.8, -10.9, -143.6, -2.2, -1.5, 
Clemson, 1969, Offense, 10, 13.3, 28.1, 47.3, 175.5, 1.3, 43.0, 140.2, 3.3, 1.0, Defense, 10, 11.7, 25.2, 46.4, 164.6, 1.0, 54.2, 193.3, 3.6, 2.3, Difference, , +1.6, +2.9, +0.9, +10.9, +0.3, -11.2, -53.1, -0.3, -1.3, 
Clemson, 1968, Offense, 10, 9.8, 21.9, 44.7, 129.1, 0.6, 50.3, 180.3, 3.6, 1.7, Defense, 10, 14.3, 28.5, 50.2, 206.7, 1.1, 48.3, 131.9, 2.7, 1.2, Difference, , -4.5, -6.6, -5.5, -77.6, -0.5, +2.0, +48.4, +0.9, +0.5, 
Clemson, 1967, Offense, 10, 10.5, 22.8, 46.1, 123.4, 0.5, 48.3, 188.7, 3.9, 1.5, Defense, 10, 9.2, 20.6, 44.7, 118.1, 0.2, 45.5, 139.6, 3.1, 1.2, Difference, , +1.3, +2.2, +1.4, +5.3, +0.3, +2.8, +49.1, +0.8, +0.3, 
Clemson, 1966, Offense, 10, 10.5, 19.5, 53.8, 153.6, 1.0, 41.9, 152.0, 3.6, 1.3, Defense, 10, 11.7, 23.7, 49.4, 141.1, 0.7, 44.4, 175.3, 3.9, 1.5, Difference, , -1.2, -4.2, +4.4, +12.5, +0.3, -2.5, -23.3, -0.3, -0.2, 
Clemson, 1965, Offense, 10, 9.1, 20.8, 43.8, 122.0, 0.5, 47.2, 156.9, 3.3, 1.1, Defense, 10, 7.9, 17.4, 45.4, 100.1, 0.4, 44.8, 174.7, 3.9, 1.1, Difference, , +1.2, +3.4, -1.6, +21.9, +0.1, +2.4, -17.8, -0.6, 0.0, 
Clemson, 1964, Offense, 10, 4.4, 15.1, 29.1, 55.9, 0.3, 49.3, 198.7, 4.0, 0.9, Defense, 10, 8.7, 20.2, 43.1, 110.5, 0.4, 43.9, 177.6, 4.0, 1.2, Difference, , -4.3, -5.1, -14.0, -54.6, -0.1, +5.4, +21.1, 0.0, -0.3, 
Clemson, 1963, Offense, 10, 7.2, 17.6, 40.9, 118.0, 0.4, 56.5, 195.9, 3.5, 2.0, Defense, 10, 7.9, 20.0, 39.5, 91.6, 1.2, 34.4, 93.1, 2.7, 0.6, Difference, , -0.7, -2.4, +1.4, +26.4, -0.8, +22.1, +102.8, +0.8, +1.4, 
Clemson, 1962, Offense, 10, 6.3, 15.0, 42.0, 84.3, 0.2, 54.5, 205.4, 3.8, 1.7, Defense, 10, 9.1, 18.2, 50.0, 119.0, 0.7, 39.5, 121.3, 3.1, 0.9, Difference, , -2.8, -3.2, -8.0, -34.7, -0.5, +15.0, +84.1, +0.7, +0.8, 
Clemson, 1961, Offense, 10, 9.1, 20.9, 43.5, 129.2, 0.7, 49.9, 178.3, 3.6, 2.0, Defense, 10, 8.8, 19.8, 44.4, 126.5, 0.6, 39.9, 127.5, 3.2, 1.1, Difference, , +0.3, +1.1, -0.9, +2.7, +0.1, +10.0, +50.8, +0.4, +0.9, 
Clemson, 1960, Offense, 10, 8.1, 18.9, 42.9, 111.6, 0.3, 53.5, 194.4, 3.6, 2.3, Defense, 10, 9.4, 18.4, 51.1, 100.0, 0.8, 38.9, 112.1, 2.9, 0.8, Difference, , -1.3, +0.5, -8.2, +11.6, -0.5, +14.6, +82.3, +0.7, +1.5, 
Clemson, 1959, Offense, 11, 7.0, 15.0, 46.7, 106.2, 1.1, 52.8, 193.5, 3.7, 2.4, Defense, 11, 7.3, 17.2, 42.3, 86.9, 0.6, 39.1, 106.7, 2.7, 0.5, Difference, , -0.3, -2.2, +4.4, +19.3, +0.5, +13.7, +86.8, +1.0, +1.9, 
Clemson, 1958, Offense, 11, 6.3, 12.7, 49.3, 83.5, 0.4, 54.9, 220.5, 4.0, 1.9, Defense, 11, 8.0, 17.5, 45.8, 105.1, 0.7, 41.3, 137.9, 3.3, 1.2, Difference, , -1.7, -4.8, +3.5, -21.6, -0.3, +13.6, +82.6, +0.7, +0.7, 
Clemson, 1957, Offense, 10, 5.7, 13.0, 43.8, 104.5, 1.2, 51.6, 223.2, 4.3, 2.1, Defense, 10, 4.9, 12.9, 38.0, 59.7, 0.4, 46.3, 156.2, 3.4, 0.8, Difference, , +0.8, +0.1, +5.8, +44.8, +0.8, +5.3, +67.0, +0.9, +1.3, 
Clemson, 1956, Offense, 11, 2.6, 8.2, 32.2, 33.7, 0.1, 55.3, 218.5, 4.0, 2.1, Defense, 11, 4.5, 11.6, 39.1, 50.3, 0.0, 51.2, 200.1, 3.9, 1.4, Difference, , -1.9, -3.4, -6.9, -16.6, +0.1, +4.1, +18.4, +0.1, +0.7, 
