"coach_id","coachingScore","firstYear","lastYear","name","win_pct","yearsHC","yearsTotal"
"3000","0","1934","1936","houser d stanley","0.10526315789473684","3","3"
"3001","0","1903","1903","houston david","0.2857142857142857","1","1"
"3002","0","1994","2014","houston mike","no data","7","16"
"3003","0","1984","1987","hout morgan","0.3157894736842105","4","4"
"3004","0","2009","2012","howard adam","0.43902439024390244","4","4"
"3005","0","2005","2010","howard chris","0.3050847457627119","6","6"
"3006","0","2011","2012","howard craig","0.6363636363636364","2","2"
"3007","0","1940","1968","howard frank","0.5897435897435898","29","29"
"3008","0","1977","2001","howard gary","0.609375","25","25"
"3009","0","1911","1913","howard lt douglas l doug","0.8260869565217391","3","3"
"3010","0","1885","1885","howard oscar s","0.75","1","1"
"3011","0","1905","1906","howard randolph","0.25","2","2"
"3012","0","1974","1980","howard wayne","0.5606060606060606","6","6"
"3013","0","1912","1912","howe arthur","0.875","1","1"
"3014","0","1896","1896","howe coach","0.42857142857142855","1","1"
"3015","0","1929","1937","howell edward blue","0.5178571428571429","7","7"
"3016","0","1968","1975","howell hornsby","0.620253164556962","8","8"
"3017","0","1947","1952","howell jim lee","0.4583333333333333","6","6"
"3018","0","1938","1949","howell millard f dixie","0.5283018867924528","6","6"
"3019","0","1977","1979","hower phil","0.6666666666666666","3","3"
"3020","0","1954","1957","hower robert bob","0.29411764705882354","4","4"
"3021","0","1892","1892","howland m","0.4444444444444444","1","1"
"3022","0","1899","1899","hoxton archibald robinson archie","0.5714285714285714","1","1"
"3023","0","2013","2013","hoyt mike","0.2","1","1"
"3024","0","1992","2013","hrovat blair","0.7","7","14"
"3025","0","1939","1946","hubbard clyde w cac","0.5833333333333334","4","4"
"3026","0","1944","1944","hubbard clyde w cac  esslinger adam","0.5714285714285714","1","1"
"3027","0","1913","1913","hubbard homer c","0.5","1","1"
"3028","0","1907","1911","hubbard john h","0.2608695652173913","3","3"
"3029","0","1908","1908","hubbard john h  overall coach","0.5","1","1"
"3030","0","1974","1984","hubbard rudy","no data","11","11"
"3031","0","1916","1916","hubbard samuel h","0.2857142857142857","1","1"
"3032","0","1947","1948","hubbard wilbur v bill","0.75","2","2"
"3033","0","2000","2012","huber rod","0.5851851851851851","13","13"
"3034","0","1931","1945","hubert allison ts pooley","0.48333333333333334","14","14"
"3035","0","2007","2012","huckeba ronnie","0.48214285714285715","6","6"
"3036","0","1924","1941","hucles henry b","0.664","17","17"
"3037","-0.12784565984672439","1992","2013","hudspeth mark","0.7232142857142857","10","16"
"3038","0.22974060076206798","1964","1972","hudspeth tommy","0.47297297297297297","8","8"
"3039","0","1962","1966","huerta marcelino chelo","0.6923076923076923","4","4"
"3040","0.12961464154200758","1982","2013","huesman russ","0.5227272727272727","5","29"
"3041","0","1895","1898","huff george a","0.6206896551724138","4","4"
"3042","0","1927","1927","huff william","0.5555555555555556","1","1"
"3043","0","1947","1948","huffman berl","0.3","2","2"
"3044","0","1946","1954","huffman ralph","0.5142857142857142","9","9"
"3045","0","1963","1964","huffman roger","0.6428571428571429","2","2"
"3046","0","1906","1909","huffstrater coach","0.29411764705882354","4","4"
"3047","0","1963","1963","huggins floyd","0.25","1","1"
"3048","0","1929","1933","hughes charles turkey","0.23333333333333334","5","5"
"3049","0","1911","1946","hughes harry w","0.5727272727272728","31","31"
"3050","0","1950","1960","hughes leroy","0.6699029126213593","11","11"
"3051","0","1999","2001","hughes robert","0.7352941176470589","3","3"
"3052","0.4161324300946519","1983","2013","hughes roger","0.45","12","26"
"3053","0","1945","1945","hughes russell","0.5","1","1"
"3054","0","1962","1969","hughes travis shorty","0.4868421052631579","8","8"
"3055","0","1925","1928","hughes william l","0.5862068965517241","4","4"
"3056","0","1915","1915","hughitt ernest fredrick tommy","0.6666666666666666","1","1"
"3057","0","1901","1901","hughs harold","0.8","1","1"
"3058","0","1904","1904","hullihen walter","0.4","1","1"
"3059","0","1908","1908","hummell wg","0.6666666666666666","1","1"
"3060","0","1937","1946","humphreys albert e al","0.5217391304347826","6","6"
"3061","0","1939","1940","humphreys cc","0.38095238095238093","2","2"
"3062","0","1887","1887","hundley hr","0.5","1","1"
"3063","0","1986","1989","hunstock bill","0.10256410256410256","4","4"
"3064","0","1916","1916","hunt buck","no data","1","1"
"3065","0","1917","1919","hunt claude j","0.6666666666666666","2","2"
"3066","0","1949","1950","hunt harold s","0.3125","2","2"
"3067","0","1899","1899","hunt io","0.4","1","1"
"3068","0","1938","1939","hunt joel","0.3125","2","2"
"3069","0","1977","2013","hunt maurice mo","0.41025641025641024","31","31"
"3070","0","1981","2010","hunt randy","0.4","3","6"
"3071","0","1909","1909","hunter clare","0.3333333333333333","1","1"
"3072","0","1977","1999","hunter hal","0.26666666666666666","4","4"
"3073","0","1990","1995","hunter willie","0.4915254237288136","6","6"
"3074","0","1918","1922","huntington charles a shy","0.7419354838709677","5","5"
"3075","0","1919","1920","huntington jr ellery c","0.5","2","2"
"3076","0","1939","1940","hunton john w puggy","0.6470588235294118","2","2"
"3077","0","1965","1967","huntress carroll","0.5","3","3"
"3078","0","1966","1971","huntsman jerry","0.631578947368421","6","6"
"3079","0","1975","1977","hurt ben","0.3333333333333333","3","3"
"3080","0","1929","1958","hurt edward p eddie","0.7889908256880734","30","30"
"3081","0","1936","1937","hurt jr eddie","0.5555555555555556","2","2"
"3082","0","1935","1935","hurt jr eddie  wilcoxson sm","0.25","1","1"
"3083","0.13499028504281665","1978","2012","hurt pete","0.5394736842105263","14","26"
"3084","0","1923","1937","hurt victor c vic","0.6888888888888889","11","11"
"3085","0","1974","1978","huss jack","0.49019607843137253","5","5"
"3086","0","1905","1905","huston harry","0.42857142857142855","1","1"
"3087","0","1904","1906","hutchins dr charles p","0.7857142857142857","2","2"
"3088","0","1903","1926","hutchinson ralph f","0.5595238095238095","15","15"
"3089","0.12005945182343206","1998","2013","hutchison david","no data","3","12"
"3090","0.38942031636077334","1990","2011","hutson mark","0.5","2","13"
"3091","0","1905","1905","hyatt hc","0.6666666666666666","1","1"
"3092","0","1998","2000","hyde bill","0.5161290322580645","3","3"
"3093","0","1905","1906","hyde ej","0.4","2","2"
"3094","0.14859655310479677","1970","1990","hyde harvey","0.6","5","14"
"3095","0","1944","1944","hynes chester","0.0","1","1"
"3096","0","1992","1998","hysell cliff","0.4935064935064935","7","7"
"3097","0.009742042046382925","1988","2012","ianello rob","0.08333333333333333","1","19"
"3098","0","1909","1909","iddings harold","0.42857142857142855","1","1"
"3099","0","1962","1963","idzik john","0.17647058823529413","2","2"
"3100","0","1968","1992","ihler george","no data","13","13"
"3101","0","2013","2013","illum brenton","0.4","1","1"
"3102","0","1957","1962","ilowit roy","0.4716981132075472","6","6"
"3103","0","1952","1962","ingalls d robert","0.49473684210526314","11","11"
"3104","0","1911","1916","ingersoll je jack","0.5555555555555556","2","2"
"3105","0","1898","1898","ingles j lewis","0.6","1","1"
"3106","0","1911","1912","inglis john","0.7058823529411765","2","2"
"3107","0","1970","1971","ingram hootie","0.36363636363636365","2","2"
"3108","0","1915","1915","ingram lt jonas h","0.375","1","1"
"3109","0","1922","1933","ingram william a bill","0.6896551724137931","10","10"
"3110","0","1924","1930","ingwersen burt","0.6037735849056604","7","7"
"3111","0","1908","1908","inott ralph","0.2","1","1"
"3112","0","1954","1954","insley earl jiggs","0.3333333333333333","1","1"
"3113","0","1971","1974","ippoliti jerry","0.5116279069767442","4","4"
"3114","0","1968","1971","ireland bill","0.6578947368421053","4","4"
"3115","0","1896","1905","irish frederick m","0.6875","6","6"
"3116","0","1889","1889","irvin wm","0.8333333333333334","1","1"
"3117","0","1894","1894","irvine vernon k","0.6666666666666666","1","1"
"3118","0","1890","1890","irvine wd","0.8","1","1"
"3119","0","1944","1945","isbell cecil","0.6","2","2"
"3120","0","1904","1904","iseman coach","0.8","1","1"
"3121","0","2013","2013","isernia ralph","0.5","1","1"
"3122","0","1911","1911","isgrig wa","0.5","1","1"
"3123","0","1990","1998","isom mike","0.6666666666666666","9","9"
"3124","0","1946","1967","jack hubert h","0.5434782608695652","22","22"
"3125","0","1963","1980","jacks al","0.7439024390243902","18","18"
"3126","0","1925","1925","jackson alfred k","0.375","1","1"
"3127","0","1929","1929","jackson alton","0.6","1","1"
"3128","0","1978","1979","jackson cass","0.5","2","2"
"3129","0","1899","1899","jackson dh","0.4","1","1"
"3130","0","1900","1900","jackson dr m roy","0.5555555555555556","1","1"
"3131","0","1933","1955","jackson edward l","0.6751592356687898","19","19"
"3132","0","1995","1995","jackson harold","0.3333333333333333","1","1"
"3133","0","2011","2012","jackson hud","0.2727272727272727","2","2"
"3134","0","2011","2011","jackson jonas","0.8181818181818182","1","1"
"3135","0","1953","1956","jackson robert","0.43333333333333335","4","4"
"3136","0","1979","1988","jackson sonny","no data","7","8"
"3137","0","1972","1972","jackson staley","0.3333333333333333","1","1"
"3138","0","1978","1992","jackson tom","0.5185185185185185","10","14"
"3139","0","1964","1965","jackson william r red","0.35","2","2"
"3140","0","1925","1931","jacobs bertrand c","0.5416666666666666","3","3"
"3141","0","1898","1898","jacobs coach","0.16666666666666666","1","1"
"3142","0","1950","1950","jacobs duke","0.25","1","1"
"3143","0","1986","1986","jacobs mike","0.7272727272727273","1","1"
"3144","0","1933","1933","jacobs sticky","0.4","1","1"
"3145","0","1928","1934","jaggard robert k","0.4444444444444444","7","7"
"3146","0.14964661458011702","1985","2013","jagodzinski jeff","0.7857142857142857","2","22"
"3147","0","1942","1948","jamerson charlie","0.29411764705882354","2","2"
"3148","0","1953","1954","jamerson wilbur shorty","0.0","2","2"
"3149","0.15068021844276822","1956","1991","james don","0.7272727272727273","21","30"
"3150","0","2010","2011","james elvin","0.047619047619047616","2","2"
"3151","0","1947","1959","james george k lefty","0.5565217391304348","13","13"
"3152","0","1964","1966","james joe","0.3","3","3"
"3153","0","1976","1990","james jr george","0.425","8","8"
"3154","0","1918","1919","james maxwell max","0.0","2","2"
"3155","0","1934","1935","james porter","0.3076923076923077","2","2"
"3156","0","1934","1937","james ralph","0.391304347826087","3","3"
"3157","0","1978","1978","jamieson dick","0.2727272727272727","1","1"
"3158","0","1898","1899","jamison alpha p","0.5","2","2"
"3159","0","1894","1894","janeway hugh  vincent hh","0.45454545454545453","1","1"
"3160","0","1918","1918","janson william a","0.25","1","1"
"3161","0","1970","1976","jardine john","0.4383561643835616","7","7"
"3162","0","1967","1971","jardine len","0.18181818181818182","5","5"
"3163","0","1942","1958","jarnagin clark","0.5","2","2"
"3164","0","1942","1947","jarrett glenn l red","0.5454545454545454","3","3"
"3165","0","1999","2000","jaumotte dave","0.09090909090909091","2","2"
"3166","0","1971","1971","jauron bob","0.25","1","1"
"3167","0","1897","1897","jayne jg","0.25","1","1"
"3168","0","1975","1976","jaynes oval","0.3888888888888889","2","2"
"3169","0","1920","1920","jean walter","0.2","1","1"
"3170","0","1896","1896","jeardeau allen w","1.0","1","1"
"3171","0","1947","1954","jefferies theodore l ted","0.5","8","8"
"3172","0","1993","1995","jeffers brent","0.3333333333333333","3","3"
"3173","0","1931","1955","jefferson harry r","0.44594594594594594","8","8"
"3174","0","1893","1893","jeffries aw","0.3333333333333333","1","1"
"3175","0","1946","1946","jeffries ted l","0.8","1","1"
"3176","0","1973","2000","jeffries willie e","0.5663716814159292","25","25"
"3177","0","1899","1899","jeffs as","0.8","1","1"
"3178","0","1987","1994","jenkins brad","0.43037974683544306","8","8"
"3179","0.18040684064045304","1994","2013","jenkins brian","0.7708333333333334","4","18"
"3180","0","1901","1901","jenkins charles o","0.7777777777777778","1","1"
"3181","0.19889797977086865","1977","2013","jenkins john","0.6363636363636364","10","26"
"3182","0","1958","1962","jenkins ray","0.2765957446808511","5","5"
"3183","0","1957","1960","jennings bill","0.3","4","4"
"3184","0","1900","1900","jennings fe","0.3333333333333333","1","1"
"3185","0","1897","1897","jennings george","0.5","1","1"
"3186","0","1912","1939","jennings morley","0.6666666666666666","27","27"
"3187","0","2013","2013","jennison tony","0.4","1","1"
"3188","0","2013","2013","jensen chris","0.2727272727272727","1","1"
"3189","0","1964","1972","jensen lester bear","0.6705882352941176","9","9"
"3190","0","2002","2002","jernigan johnny","0.25","1","1"
"3191","0","1896","1896","jerrems alexander","0.8","1","1"
"3192","0","1920","1920","jesson ralph","0.0","1","1"
"3193","0","1925","1925","jessuppe td","0.5714285714285714","1","1"
"3194","0","1967","1973","jeter arnold","0.34375","7","7"
"3195","0","1981","2009","joe william billy","0.7047970479704797","23","23"
"3196","0","1976","1984","johanningmeier rich","0.5652173913043478","9","9"
"3197","0.39222575646025337","1972","1999","johns bobby","0.25806451612903225","9","21"
"3198","0","1908","1908","johnson alton","0.5","1","1"
"3199","0.13410297193873716","1976","2009","johnson bobby","0.4375","15","30"
"3200","-0.10803397689258591","1987","2013","johnson curtis","0.36","2","23"
"3201","0","1948","1949","johnson darwin","0.631578947368421","2","2"
"3202","0","2012","2012","johnson dave","0.45454545454545453","1","1"
"3203","-0.009146174052636588","1985","2013","johnson denver","0.4945054945054945","10","23"
"3204","0","1924","1924","johnson dunlap","0.7","1","1"
"3205","0","1907","1907","johnson e hammond","0.6666666666666666","1","1"
"3206","0","1910","1911","johnson earl","0.5384615384615384","2","2"
"3207","0","1964","1964","johnson elijah","0.2","1","1"
"3208","-0.07761406512019575","1975","2013","johnson ellis","0.21739130434782608","5","29"
"3209","0","1936","1951","johnson ellis t","0.5697674418604651","12","12"
"3210","0","1957","1961","johnson ernest","0.5","5","5"
"3211","0","1889","1889","johnson frank","0.3333333333333333","1","1"
"3212","0","1911","1917","johnson frederick fred","0.45454545454545453","2","2"
"3213","0","1938","1941","johnson gene","0.5185185185185185","4","4"
"3214","0","1915","2003","johnson george ","0.275","4","4"
"3215","0","1950","1950","johnson glenn a","1.0","1","1"
"3216","0","1929","1929","johnson gm brick","0.5","1","1"
"3217","0","1989","2013","johnson greg","0.0","5","9"
"3218","0","1946","1946","johnson henry a","0.6666666666666666","1","1"
"3219","0","1905","1905","johnson ib","0.2857142857142857","1","1"
"3220","0","1920","1920","johnson ja","0.3333333333333333","1","1"
"3221","0","1919","1919","johnson jack","0.3333333333333333","1","1"
"3222","0","1946","1967","johnson jim ","0.6153846153846154","3","3"
"3223","0.09039552165094032","1965","1987","johnson jimmy","0.6813186813186813","8","18"
"3224","0","1934","1934","johnson jl","0.1111111111111111","1","1"
"3225","0","1999","2013","johnson joe","0.25","7","7"
"3226","0","1994","2001","johnson john","0.4074074074074074","8","8"
"3227","0","1944","1945","johnson joseph joe","0.625","2","2"
"3228","0.28459958934270496","1997","2011","johnson mike","no data","0","10"
"3229","0.3492915653853371","1981","2013","johnson paul","0.6733668341708543","15","26"
"3230","0","1920","1929","johnson roy w","0.578125","10","10"
"3231","0","1972","1978","johnson scott","0.5076923076923077","7","7"
"3232","0","2013","2013","johnson steve","0.9230769230769231","1","1"
"3233","0","1935","1935","johnson thomas","0.6666666666666666","1","1"
"3234","0","1953","1955","johnson thomas f","0.32","3","3"
"3235","0","2000","2003","johnson tim","0.4166666666666667","4","4"
"3236","0","1962","1971","johnson vanette w","0.5268817204301075","10","10"
"3237","0","1915","1939","johnson walter a","0.4835164835164835","23","23"
"3238","0","1929","1931","johnston cb","0.8076923076923077","3","3"
"3239","0","1892","1892","johnston chesley","0.0","1","1"
"3240","0","1896","1896","johnston gordon","0.42857142857142855","1","1"
"3241","0","1919","1921","johnston hh","0.5714285714285714","3","3"
"3242","0","1934","1937","johnston julius h","0.6857142857142857","4","4"
"3243","0","1940","1941","johnston julius j","0.2777777777777778","2","2"
"3244","0","1912","1912","johnston william e  kristler erle","0.9090909090909091","1","1"
"3245","0","1897","1897","jolliffe arthur","0.375","1","1"
"3246","0","1979","1980","jonas don","0.625","2","2"
"3247","0","1977","1977","jonas fred","0.8888888888888888","1","1"
"3248","0","1999","2014","jones anthony","0.5973154362416108","13","14"
"3249","0","1986","2013","jones arrington","0.4","3","21"
"3250","0","1895","1901","jones art c","0.6666666666666666","2","2"
"3251","0","1921","1927","jones arthur","0.6071428571428571","7","7"
"3252","0","1909","1910","jones austin","0.6","2","2"
"3253","0.14619328296909945","1990","2013","jones butch","0.546875","5","16"
"3254","0","1991","1996","jones cardell","0.59375","6","6"
"3255","0","1977","1977","jones dewitt","0.9166666666666666","1","1"
"3256","0","1949","1977","jones donald m don","0.5163043478260869","26","26"
"3257","0","1900","1900","jones ee","0.3333333333333333","1","1"
"3258","0","1892","1892","jones eh","0.3333333333333333","1","1"
"3259","0","1890","1891","jones elliott h","0.8","2","2"
"3260","0.43773768510588595","2003","2014","jones ernest t","0.16666666666666666","1","10"
"3261","0","1989","1989","jones fletcher","0.1111111111111111","1","1"
"3262","0","1957","1972","jones frank","0.5229357798165137","11","11"
"3263","0","1886","1888","jones frederick s","0.6666666666666666","3","3"
"3264","0","1964","1964","jones gomer","0.6","1","1"
"3265","0","1908","1939","jones howard h","0.7622950819672131","27","27"
"3266","0","1991","2013","jones joey","0.5483870967741935","19","19"
"3267","0","1898","1898","jones john","0.3333333333333333","1","1"
"3268","0","1927","1933","jones john o","0.24489795918367346","7","7"
"3269","0.28458957025479126","1983","2013","jones june","0.5524861878453039","16","25"
"3270","0","1923","1934","jones jw","0.5050505050505051","12","12"
"3271","0","1971","1972","jones larry","0.6521739130434783","2","2"
"3272","0","1999","2006","jones latraia","0.2727272727272727","2","6"
"3273","0","1926","1940","jones lawrence m biff","0.7790697674418605","10","10"
"3274","0","2013","2013","jones mike","0.2727272727272727","1","1"
"3275","0","1950","1954","jones nelson m","0.4146341463414634","5","5"
"3276","0.07357214840303937","1975","2005","jones pat","0.5267857142857143","10","26"
"3277","0.32964059909995747","1968","2013","jones phil","0.5402298850574713","30","38"
"3278","0","1908","1947","jones ralph r curley","0.6103896103896104","12","12"
"3279","0.3817458334413774","1978","2013","jones ronnie","0.13636363636363635","3","29"
"3280","0","1928","1930","jones rwe","0.375","3","3"
"3281","0","1920","1920","jones sewell","1.0","1","1"
"3282","0","1909","1926","jones ta dwight tad","0.7397260273972602","9","9"
"3283","0","1972","1988","jones tom ","0.27586206896551724","3","3"
"3284","0","1921","1921","jones w dale","0.4","1","1"
"3285","0","1928","1928","jones w mitchell","0.2222222222222222","1","1"
"3286","0","1952","1952","jones willard s","0.125","1","1"
"3287","0","1957","1964","jones william bill","0.45161290322580644","8","8"
"3288","0","1946","1951","jontos edward a ed","0.41304347826086957","6","6"
"3289","0","1973","1981","joranko frank","0.575","9","9"
"3290","0","1932","1955","jordan lloyd p","0.5866666666666667","20","20"
"3291","0","1951","1974","jordan ralph shug","0.6907630522088354","24","24"
"3292","0","1910","1913","jordon professor","1.0","4","4"
"3293","0","1951","1951","jorge ernest l ernie","0.5454545454545454","1","1"
"3294","0.15330200421475548","1977","2013","joseph norman","0.4878048780487805","12","30"
"3295","0","2013","2013","journell tom","0.5","1","1"
"3296","0","1951","1962","jowers milton","0.6756756756756757","4","4"
"3297","0","1964","1964","jowers milton  miller bill","0.8","1","1"
"3298","0","1912","1937","joy willliam p hiker","0.6341463414634146","6","6"
"3299","0","2012","2012","joyce kevin","0.125","1","1"
"3300","0","1906","1921","juneau william j bill","0.6753246753246753","11","11"
"3301","0","2009","2012","junior ester james ej","0.1590909090909091","4","4"
"3302","0","1942","1944","justice charlie m charles","0.7","2","2"
"3303","0","2013","2013","justice garin","0.7272727272727273","1","1"
"3304","0","1900","1900","kaarsberg lawrence","0.5","1","1"
"3305","0","1930","1932","kagey joseph g joe","0.0","3","3"
"3306","0","1946","1946","kahler arthur d art","0.8","1","1"
"3307","0","1955","1955","kahler robert","0.0","1","1"
"3308","0","1928","1928","kaino bob","0.25","1","1"
"3309","0","1932","1946","kaiser harrison j","0.6097560975609756","8","8"
"3310","0.04799938437663389","1994","2013","kaligis pete","0.0","2","14"
"3311","0","1984","1998","kane kelly","0.49640287769784175","15","15"
"3312","0","1973","1979","kapp jim","0.582089552238806","7","7"
"3313","0","1982","1985","kapp joe","0.4186046511627907","4","4"
"3314","0","1978","1978","kappes bob","0.2727272727272727","1","1"
"3315","0","1966","1966","kapral frank","0.0","1","1"
"3316","-0.01747237188855084","1991","2013","karcher ken","0.3787878787878788","6","18"
"3317","0","1896","1896","karel ikey","0.6","1","1"
"3318","0","1925","1925","karnes don","0.14285714285714285","1","1"
"3319","0","1918","1918","karnes frank","0.7142857142857143","1","1"
"3320","0","1965","1965","karras george","0.2222222222222222","1","1"
"3321","0.008378843729430468","1989","2013","karras jr ted","0.5652173913043478","10","18"
"3322","0","1928","1932","kasper tc cy","0.5581395348837209","5","5"
"3323","0","1903","1903","kates orin a","1.0","1","1"
"3324","0","1970","1971","katusa john","0.3888888888888889","2","2"
"3325","0","1909","1909","kauffman dick","0.25","1","1"
"3326","0","1946","1949","kaulukukui tom","0.6744186046511628","4","4"
"3327","0","1947","1957","kawal albert p","0.44871794871794873","9","9"
"3328","0","1969","1993","kay marvin l","0.351931330472103","25","25"
"3329","0","2013","2013","kazmierczak neil","0.2","1","1"
"3330","0","1912","1919","keady thomas tom","0.7183098591549296","8","8"
"3331","0","1931","1953","kean henry a","0.8265895953757225","21","21"
"3332","0","1920","1939","keaney frank","0.4429530201342282","20","20"
"3333","0","1969","1971","kearly ted","0.7777777777777778","3","3"
"3334","0","2006","2012","kearly tom","0.6027397260273972","7","7"
"3335","0","1990","2001","keasler bobby","0.24242424242424243","11","11"
"3336","0","1935","1941","keaton j mcadoo","0.7301587301587301","7","7"
"3337","0","1999","2013","keaton teddy","0.5909090909090909","4","12"
"3338","0","1910","1911","keefe pj","0.0","2","2"
"3339","0","1981","2014","keeler kurt c kc","0.6377952755905512","19","29"
"3340","0","1966","2009","keeling jimmie","no data","36","36"
"3341","0","2013","2013","keen aaron","0.9166666666666666","1","1"
"3342","0","1926","1941","keene roy s spec","0.6153846153846154","16","16"
"3343","0","1897","1897","keep henry","0.6666666666666666","1","1"
"3344","0","1948","1954","keeth jimmy","0.38028169014084506","7","7"
"3345","0","1982","1985","kehl tony","no data","4","4"
"3346","0","1971","2011","kehres larry","0.9296187683284457","27","39"
"3347","0","2000","2013","kehres vince","0.9333333333333333","1","6"
"3348","0","1955","1958","keil henry j whitey","0.4230769230769231","4","4"
"3349","0","1959","1963","keim george","0.17142857142857143","5","5"
"3350","0","1904","1909","keinholz william s willis","0.7096774193548387","5","5"
"3351","0","1912","1912","keith charles","0.42857142857142855","1","1"
"3352","0.3020655181762559","1970","1998","keith floyd","0.4148936170212766","9","25"
"3353","0","1899","1907","keith john l","0.8461538461538461","5","5"
"3354","0","1913","1914","kelchner jm","0.6","2","2"
"3355","0","1984","2013","kelchner matt","0.656934306569343","13","29"
"3356","0","2012","2012","kellar mike","0.7","1","1"
"3357","0","1952","1981","keller arthur t art","0.6796875","30","30"
"3358","0","2013","2013","keller brian","0.6","1","1"
"3359","0","1994","2002","keller gary","0.5157894736842106","9","9"
"3360","0","1972","1974","keller ollie","0.35714285714285715","3","3"
"3361","0","1893","1893","keller wj","0.8571428571428571","1","1"
"3362","0","1951","1960","kelley alva e","0.3670886075949367","9","9"
"3363","0","1991","1992","kelley alvin t","0.5555555555555556","2","2"
"3364","0","1892","1892","kelley deane w","0.6666666666666666","1","1"
"3365","0","1901","1901","kelley george","0.5","1","1"
"3366","0","1915","1922","kelley thomas","0.6774193548387096","4","4"
"3367","0","2013","2013","kelley thomas tom","0.8181818181818182","1","1"
"3368","0","1931","1933","kellison john s","0.6333333333333333","3","3"
"3369","0","1906","1908","kellogg nelson a","0.35294117647058826","3","3"
"3370","0","1900","1900","kelly addison w","0.6666666666666666","1","1"
"3371","0","1983","1986","kelly bill","0.7","3","3"
"3372","0.29064483103017547","1983","2013","kelly brian","0.6732673267326733","20","26"
"3373","0","2009","2011","kelly chip","0.85","3","3"
"3374","0","1907","1909","kelly george a","0.5","2","2"
"3375","0","1951","1965","kelly kenneth a bill","0.6187050359712231","15","15"
"3376","0","2006","2012","kelly kevin","0.2894736842105263","7","7"
"3377","0","1955","1961","kelly leo h","0.532258064516129","7","7"
"3378","0","1914","1916","kelly luke l","0.4090909090909091","3","3"
"3379","0","1981","2006","kelly mike","0.8159722222222222","26","26"
"3380","0","1907","1907","kelly raymond","0.25","1","1"
"3381","0","1902","1902","kelly richard  orourke timothy","0.5714285714285714","1","1"
"3382","0","1915","1915","kelly victor m choctaw","0.3","1","1"
"3383","0","1897","1902","kelly walter f","0.4230769230769231","5","5"
"3384","0","1992","2013","kelton aaron e","0.25","8","17"
"3385","0","2000","2005","kemp mike","0.23214285714285715","6","6"
"3386","0","1956","1975","kemp paul","0.4722222222222222","4","4"
"3387","0","1920","1920","kenamond ad","0.0","1","1"
"3388","0","1899","1899","kendel arthur","no data","1","1"
"3389","0","2013","2013","kendrickholmes clayton","0.5","1","1"
"3390","0","1965","1970","kenelly pat","0.43859649122807015","6","6"
"3391","0","1898","1898","kenly frank","0.25","1","1"
"3392","0","1900","1902","kenna edward ed","0.5833333333333334","2","2"
"3393","0.0835799562820104","1966","2013","kennan larry","0.40476190476190477","5","26"
"3394","0","1904","1909","kennedy ar bert","0.8545454545454545","6","6"
"3395","0","1908","1912","kennedy burt e","0.8275862068965517","5","5"
"3396","0","1894","1894","kennedy guy","0.6666666666666666","1","1"
"3397","0","1903","1903","kennedy rex b","1.0","1","1"
"3398","0","1904","1920","kennedy walter s","0.6363636363636364","9","9"
"3399","0","1918","1918","kennedy walter s  guyselman coach","0.8571428571428571","1","1"
"3400","0","1912","1912","kenney clarence j","0.42857142857142855","1","1"
"3401","0","1908","1908","kenney joseph  reilly joseph","0.3333333333333333","1","1"
"3402","0","1915","1925","kenney rc","0.42857142857142855","2","2"
"3403","0","1984","1984","kent bob","0.1111111111111111","1","1"
"3404","0","1921","1921","kent maury a","0.5","1","1"
"3405","0","1902","1902","kent robert s","0.5","1","1"
"3406","0","1985","1988","kentera larry","0.5227272727272727","4","4"
"3407","0","1942","1944","kenyon william c","0.4","2","2"
"3408","0","1919","1919","keogan george","0.625","1","1"
"3409","0","2009","2012","keopple bill","0.36585365853658536","4","4"
"3410","0","1960","1969","kerbel joe e","0.61","10","10"
"3411","0","1926","1926","kercheville clint","0.2857142857142857","1","1"
"3412","0","1940","1946","kern william f bill","0.4642857142857143","3","3"
"3413","0","1922","1945","kerr andrew andy","0.6506849315068494","18","18"
"3414","0","1994","1997","kerr ronnie","0.40476190476190477","4","4"
"3415","0","1956","1958","kerr william h bud","0.41379310344827586","3","3"
"3416","0","1889","1889","kerrison edwin","1.0","1","1"
"3417","0","1913","1913","kersberg harry von","0.4","1","1"
"3418","0","2013","2013","kershaw lawrence","0.6","1","1"
"3419","0","2003","2013","kessinger kent","0.6666666666666666","10","11"
"3420","0","1953","1965","ketchman sam","0.48936170212765956","13","13"
"3421","0","1942","1942","ketchum ellison e","0.6666666666666666","1","1"
"3422","0","1961","1965","keuffel kenneth w ken","0.6","5","5"
"3423","0","1951","1954","keyes charles e","0.5416666666666666","4","4"
"3424","0","1917","1917","keyes geoffrey","0.875","1","1"
"3425","0","2013","2013","keys rob","0.7272727272727273","1","1"
"3426","0","2002","2002","kezirian ed","0.5833333333333334","1","1"
"3427","0","1970","1970","kichefski walt","0.5","1","1"
"3428","0","1954","2001","kidd roy","0.7218390804597701","44","46"
"3429","0","1923","1923","kienholz eddie ed","0.42857142857142855","1","1"
"3430","0","2007","2010","kiernan jim","0.36363636363636365","4","4"
"3431","0.054877027678188396","1981","2009","kiesel kevin","0.6341463414634146","14","23"
"3432","0.09638385989883032","1997","2014","kiffin lane","0.6274509803921569","5","13"
"3433","0","1980","1981","kiffin monte","0.45454545454545453","2","2"
"3434","0","1942","1942","kildahl phil","0.0","1","1"
"3435","0","1900","1900","kiler wh","0.5","1","1"
"3436","0.17946244809898562","1985","2013","kill jerry","0.5307692307692308","18","22"
"3437","0","1904","1905","killian dan a","0.6","2","2"
"3438","0","1927","1930","killinger glenn","0.41379310344827586","4","4"
"3439","0","1915","1919","kilpatrick john","0.0","3","3"
"3440","0","1917","1917","kilpatrick professor","0.3333333333333333","1","1"
"3441","0","1961","1961","kim ching do","0.625","1","1"
"3442","0","1937","1947","kimball edwin r eddie","0.5208333333333334","6","6"
"3443","0","1993","2000","kimball joe","0.5","8","8"
"3444","0","1989","1990","kimble gerald","0.47619047619047616","2","2"
"3445","0","1935","1956","kimbrough frank h","0.577639751552795","17","17"
"3446","0","1930","1930","kimbrough vernon","0.0","1","1"
"3447","0.12693509733330052","1971","1978","kinard billy r","0.6129032258064516","3","3"
"3448","0.1889339489375064","1971","2013","kincaid al","0.5087719298245614","7","29"
"3449","0","1972","1972","kinchen gary","0.2727272727272727","1","1"
"3450","0","2013","2013","kindbom larry","0.7272727272727273","1","1"
"3451","-0.03385763855474269","1976","2008","kines joe","0.2","2","25"
"3452","0","1889","1889","king c sherman","0.5","1","1"
"3453","0","1947","1955","king ce eddie","0.6829268292682927","9","9"
"3454","0","1927","1927","king coach","0.25","1","1"
"3455","0","1931","1933","king dana m","0.7037037037037037","3","3"
"3456","0","1970","1978","king dewayne dewey","0.5","8","8"
"3457","0","1967","1969","king don","0.4","2","2"
"3458","0","1903","1903","king edward l","0.75","1","1"
"3459","0","1904","1904","king emmett o","0.5555555555555556","1","1"
"3460","0","1913","1913","king frank a","0.5","1","1"
"3461","0","1906","1906","king george w","0.5714285714285714","1","1"
"3462","0","1973","1975","king jim","0.7272727272727273","3","3"
"3463","0","1989","2009","king joe","0.7263681592039801","21","21"
"3464","0","1961","1968","king jt","0.4936708860759494","8","8"
"3465","0","1896","1905","king phillip phil","0.8589743589743589","8","8"
"3466","0","1890","1890","king robert a","0.0","1","1"
"3467","0","1958","1971","king robert b bob","0.4233576642335766","14","14"
"3468","0","1973","1973","king robert j","0.0","1","1"
"3469","0","1925","1929","king tom","0.55","5","5"
"3470","0","1940","1940","king w mckinley","0.4","1","1"
"3471","0","1897","1900","king wj","0.25","2","2"
"3472","0.2885703808720414","2008","2013","kingsbury kliff","0.6153846153846154","1","4"
"3473","0","1967","1976","kingsford tom","0.45652173913043476","10","10"
"3474","0","1905","1905","kinney ralph","0.7777777777777778","1","1"
"3475","0","1928","1936","kipke harry g","0.6338028169014085","9","9"
"3476","0","1908","1908","kirby harley e","0.14285714285714285","1","1"
"3477","0","1997","2000","kirby marion","0.2894736842105263","4","4"
"3478","0","1952","1954","kircher alton s al","0.4","3","3"
"3479","0","1928","1946","kirchmeyer ray","0.3793103448275862","9","9"
"3480","0","1903","1905","kirk todd","0.6363636363636364","3","3"
"3481","0","1985","1988","kirkhart roger buzz","0.21212121212121213","4","4"
"3482","0","1934","1947","kirkland gordon a","0.788135593220339","12","12"
"3483","0","2011","2012","kirkland pat","0.6363636363636364","2","2"
"3484","0","1917","1922","kirkpatrick arnold l","0.6444444444444445","6","6"
"3485","0","2000","2001","kirkpatrick donnie","0.36363636363636365","2","2"
"3486","0","1928","1928","kirkpatrick wh","0.0","1","1"
"3487","0","1983","1983","kirksey larry","0.2222222222222222","1","1"
"3488","0","1948","1948","kirschling larry","0.5555555555555556","1","1"
"3489","0","1938","1944","kirwan ad","0.4883720930232558","5","5"
"3490","0","1996","1998","kiser jack","0.5806451612903226","3","3"
"3491","0.04130341733524577","1976","2013","kish tim","0.16666666666666666","1","30"
"3492","0","1934","1946","kitts james r jimmy","0.5942028985507246","7","7"
"3493","0","1930","1935","kizer noble e","0.7708333333333334","6","6"
"3494","0","1973","1974","kjelbertson ev","0.7142857142857143","2","2"
"3495","0","2005","2009","klacik john","0.09259259259259259","5","5"
"3496","0","2009","2010","klaiman marc","0.0","2","2"
"3497","0","2011","2012","klatt marc","0.5238095238095238","2","2"
"3498","0","1964","1968","klausing chuck","0.8125","5","5"
"3499","0","1976","1978","klawiter warren","0.4838709677419355","3","3"
"3500","0","1982","1982","klayko george","0.0","1","1"
"3501","0","1889","1889","kletsch alvin","0.0","1","1"
"3502","0","1925","1926","klevenow marshall","0.4","2","2"
"3503","0","1974","2013","klika jr william bill","no data","40","40"
"3504","0","1918","1921","kline william g","0.625","3","3"
"3505","0","1976","1984","kloppen al","0.3333333333333333","9","9"
"3506","0","1917","1918","kluckhohn fred r","0.6428571428571429","2","2"
"3507","0","1921","1938","klum otto proc","0.6428571428571429","18","18"
"3508","0.2815320184615844","1963","1980","knap tony","0.7607361963190185","15","15"
"3509","0","2005","2006","knapczyk ken","0.05","2","2"
"3510","0","1955","1956","knapp ronald","0.06666666666666667","2","2"
"3511","0","2013","2013","knarr jeff","0.6","1","1"
"3512","0","1905","1905","knibbs jw","0.8","1","1"
"3513","0","1959","1960","knight harold jug","0.65","2","2"
"3514","0","1902","1903","knight james","0.8461538461538461","2","2"
"3515","0","1993","2013","knight todd ","0.445","20","20"
"3516","0","1898","1901","knipe alden","0.78125","4","4"
"3517","0.06740113587279283","1975","2013","knoll mike","no data","6","26"
"3518","0","1924","1927","knollin er","0.2962962962962963","4","4"
"3519","-0.045680167990499794","1992","2014","knorr brian","0.2","3","17"
"3520","0.11105275597539137","1988","2013","knowles jim","0.48","5","21"
"3521","0","1899","1900","knowles td","0.6666666666666666","2","2"
"3522","0","1952","1966","knox kenneth","0.583941605839416","15","15"
"3523","0","1934","1966","knox thomas j mule","0.5454545454545454","29","29"
"3524","0","1907","1907","knox william f","1.0","1","1"
"3525","0","1977","1987","koch bill","0.4095238095238095","11","11"
"3526","0","1951","1951","kodros archie","0.36363636363636365","1","1"
"3527","0","1897","1899","koehler herman j","0.6190476190476191","3","3"
"3528","0","1904","1914","koehler john p","0.5333333333333333","6","6"
"3529","-0.027692793895092393","1986","2013","koenning vic","0.2647058823529412","3","22"
"3530","0.09256588207186477","1983","2013","koetter dirk","0.5409836065573771","8","24"
"3531","0","1983","1986","koetter jim","0.4444444444444444","4","4"
"3532","0","1924","1924","koffman irby","0.5","1","1"
"3533","0","1957","1963","kohl ralph","0.22807017543859648","7","7"
"3534","0","1997","2000","kolakowski mike","0.37209302325581395","4","4"
"3535","0","1929","1961","kolf robert m bob","0.34705882352941175","28","28"
"3536","0","1945","1945","kolf robert m bob  bulfer william","0.25","1","1"
"3537","0","1975","1976","konstantinos john","0.42105263157894735","2","2"
"3538","0","1955","1963","koon frank","0.5925925925925926","9","9"
"3539","0","1919","1919","koonsman george lee","0.16666666666666666","1","1"
"3540","0","1938","1941","kopf herbert m herb","0.47058823529411764","4","4"
"3541","0.1654385986521072","1950","1974","kopp harold w hal","0.5692307692307692","9","9"
"3542","0","2013","2013","korfmacher ron","0.5","1","1"
"3543","0","1984","2004","kornhauser sam","0.4878048780487805","21","21"
"3544","0","1941","1946","kostka stan","0.4117647058823529","2","2"
"3545","0","1944","1944","kostos frank","0.2","1","1"
"3546","0","1930","1930","kotal eddie l","0.375","1","1"
"3547","0","2002","2002","kotulski dave","0.18181818181818182","1","1"
"3548","0","1947","1947","kovalcheck kass","0.2","1","1"
"3549","0","1962","1963","kovalick george","0.8125","2","2"
"3550","0.18651001884830654","1969","2013","kragthorpe dave","0.42045454545454547","8","39"
"3551","-0.02868611553649077","1990","2011","kragthorpe steve","0.5161290322580645","5","15"
"3552","0","1966","1996","kramer larry","0.15","26","28"
"3553","-0.15925552763289946","1976","2013","kramer mike","0.3956043956043956","17","27"
"3554","0","1967","1976","kramer roy","0.7019230769230769","10","10"
"3555","0.18141725733655387","1974","2010","kratzer dan","0.4807692307692308","22","30"
"3556","0","1897","1897","krause carl a","1.0","1","1"
"3557","0","1923","1923","krawchuck roman","0.5555555555555556","1","1"
"3558","0","1897","1897","krebs george r","0.5555555555555556","1","1"
"3559","0.41502012421105516","1984","2013","kreps dean","0.7","18","26"
"3560","0","1950","1950","kribbs benton a","0.2857142857142857","1","1"
"3561","0","2013","2013","krich christopher chris","0.3333333333333333","1","1"
"3562","0","1921","1921","krieger earl","0.75","1","1"
"3563","0","1920","1920","kriner harry l","0.6666666666666666","1","1"
"3564","0","1913","1913","kristler erle  buckingham harry g","0.6666666666666666","1","1"
"3565","0.014123664936787714","1958","1995","krivak joe","0.4186046511627907","11","28"
"3566","0","1968","1968","kriwiel eddie","0.0","1","1"
"3567","0","1901","1901","kromer leon b","0.8333333333333334","1","1"
"3568","0.18969666457256917","1982","2013","kruczek mike","0.5892857142857143","6","26"
"3569","0","1978","1981","krueger gil","0.32558139534883723","4","4"
"3570","0","1964","1974","krueger phil","0.59375","3","3"
"3571","0","1981","1983","krumlauf lloyd","0.5384615384615384","3","3"
"3572","0","1932","1937","krumpf henry w","0.20930232558139536","6","6"
"3573","0","2013","2013","kruse jerod","0.2727272727272727","1","1"
"3574","0","2006","2013","krzykowski mark","0.6","3","6"
"3575","0","1962","1963","kuechler james r jim","0.17647058823529413","2","2"
"3576","0","1990","2013","kugler sean","no data","1","18"
"3577","0","1948","1961","kuharich joseph l joe","0.4666666666666667","6","6"
"3578","0","1956","1956","kuhn gil","0.4","1","1"
"3579","0","1961","1961","kulbitski john","0.3333333333333333","1","1"
"3580","0","2013","2013","kunczewski tony","0.0","1","1"
"3581","0","1979","1979","kurucz tom","0.25","1","1"
"3582","0","1958","1978","kush frank","0.7688888888888888","21","21"
"3583","0","1981","1992","kwiathowski mickey","0.5526315789473685","11","11"
"3584","0","1908","1908","kyle frank","0.375","1","1"
"3585","0","1974","1988","labadie ron","0.7384615384615385","14","14"
"3586","0","1965","1967","labat melvin l mel","0.4074074074074074","3","3"
"3587","0","1945","1947","labrucherie bert","0.6896551724137931","3","3"
"3588","0.029524124671631412","1959","1990","lacewell larry","0.5590551181102362","11","25"
"3589","0","1995","2013","lacey bill","0.7","1","16"
"3590","0","1945","1945","lackey harry","0.25","1","1"
"3591","0","1891","1891","lackey robert","1.0","1","1"
"3592","0","1979","2013","lackner rich","0.3","28","34"
"3593","0","2013","2013","ladner bobby","0.0","1","1"
"3594","0","1949","1949","ladyko emil","0.14285714285714285","1","1"
"3595","-0.020847828492103714","1952","1966","lahar harold w","0.5892857142857143","13","13"
"3596","0","1926","1926","laird gordon f","0.2222222222222222","1","1"
"3597","0","1957","1961","lajeunesse omer","0.4864864864864865","5","5"
"3598","0","1893","1893","lake everett  stewart george","0.9166666666666666","1","1"
"3599","0","1943","1943","lamar henry n","0.5","1","1"
"3600","0","1986","2013","lamb bobby","0.6666666666666666","9","24"
"3601","-0.07599921656771562","1997","2013","lamb ed","0.5","6","14"
"3602","0","1900","1900","lamb john","0.625","1","1"
"3603","0","1997","2013","lambert andy","0.75","15","15"
"3604","0.21797366960734918","1988","2013","lambert brad","0.45454545454545453","3","22"
"3605","0","1949","1951","lambert stan","0.6129032258064516","3","3"
"3606","0.22950945523902042","1965","1997","lambright jim","0.6666666666666666","5","30"
"3607","0","1967","1977","lambright maxie","0.7416666666666667","11","11"
"3608","0","1922","1922","lamotte norman","0.16666666666666666","1","1"
"3609","0","1907","1907","lamson dr otis f","0.5","1","1"
"3610","0","1906","1906","lamson george","0.3333333333333333","1","1"
"3611","0","1903","1904","lanagan james f","0.8823529411764706","2","2"
"3612","0","1969","1969","lance jim","0.5555555555555556","1","1"
"3613","0","2013","2013","land matt","0.4","1","1"
"3614","0","2008","2012","landers michael","0.5185185185185185","5","5"
"3615","0","1982","1987","landis george","0.3958333333333333","5","5"
"3616","0","1986","2014","landis tim","0.44966442953020136","17","22"
"3617","0","1938","1938","landreth orian","0.3333333333333333","1","1"
"3618","0","1932","1932","lane myles j","0.4","1","1"
"3619","0","1900","1900","lane oscar","0.42857142857142855","1","1"
"3620","0","1908","1908","lang william","0.2727272727272727","1","1"
"3621","0","1909","1909","lang william  larkin edward","0.2857142857142857","1","1"
"3622","0","2013","2013","lange doug","0.4","1","1"
"3623","0","1908","1908","langley jr","0.6666666666666666","1","1"
"3624","0","2003","2006","langston chuck","0.5681818181818182","4","4"
"3625","0","1909","1909","langston walter","0.6666666666666666","1","1"
"3626","0","1899","1899","langton willard","1.0","1","1"
"3627","0","1964","1970","lansing jim","0.6511627906976745","7","7"
"3628","0","1911","1944","lantz charles p","0.5878378378378378","22","22"
"3629","0","1989","1996","lantz jon","0.5875","8","8"
"3630","0.10584192747149526","1981","2013","lantz rick","0.0","4","25"
"3631","0","1975","1983","lapinski tom","0.5194805194805194","9","9"
"3632","0","1982","1982","lapointe bob","0.0","1","1"
"3633","0","2013","2013","laqua steve","0.36363636363636365","1","1"
"3634","0","1957","1958","larche harry","0.5","2","2"
"3635","0","1980","1981","larkin jim","0.38095238095238093","2","2"
"3636","0","1907","1911","larkin timothy f","0.3783783783783784","5","5"
"3637","0","1992","2000","larose ken","0.45555555555555555","9","9"
"3638","0","1902","1903","larrick wilber","0.6","2","2"
"3639","0","1992","1993","larry mike","0.05555555555555555","2","2"
"3640","0","1965","1965","larsen don","1.0","1","1"
"3641","0","1980","1981","larsen robert","0.17647058823529413","2","2"
"3642","0","1961","1971","larson gondon","0.71","11","11"
"3643","0","1912","1912","larson lester","0.8","1","1"
"3644","0","1907","1907","larson ll","0.8571428571428571","1","1"
"3645","0","1939","1940","larson major emery e swede","0.5625","2","2"
"3646","0","1959","1965","larue jim","0.5588235294117647","7","7"
"3647","0","1972","1974","lasater bob","0.5384615384615384","3","3"
"3648","0","1906","1906","lassiter jh","1.0","1","1"
"3649","0","1976","1993","lattimore henry","0.56","13","13"
"3650","0","1922","1922","latto bill","0.5","1","1"
"3651","0","2013","2013","launtz tim","0.6363636363636364","1","1"
"3652","0","1990","2013","laurendine tommy","0.4","3","21"
"3653","0.24510359279380492","1963","1972","lauterbur frank x","0.449438202247191","9","9"
"3654","0","1916","1933","laval wl billy","0.6477987421383647","17","17"
"3655","0.0884460511131028","1972","2009","lavan alton al","0.5131578947368421","7","32"
"3656","0","1979","1979","lavender keith","0.3","1","1"
"3657","0","1928","1936","lavik rudy h","0.5517241379310345","8","8"
"3658","0","1945","1951","lavinn l paul","0.23076923076923078","4","4"
"3659","0","1924","1928","law jim f","0.64","4","4"
"3660","0","1930","1930","law john b","0.5714285714285714","1","1"
"3661","0","1895","1895","lawless joseph","0.3333333333333333","1","1"
"3662","0","1952","1953","lawlor jake","0.4","2","2"
"3663","0","1904","1904","lawrence daniel h","0.75","1","1"
"3664","0","1971","1972","lawrence don","0.3181818181818182","2","2"
"3665","0","1947","1956","lawrence harry l","0.4827586206896552","10","10"
"3666","0","1935","1939","lawrence karl j","0.3548387096774194","5","5"
"3667","0","1975","1979","laws vern","0.4418604651162791","5","5"
"3668","0","1925","1927","lawson bv","0.0","3","3"
"3669","0","1913","1913","lawton george m","0.625","1","1"
"3670","0","1919","1919","lawyer lt","0.5","1","1"
"3671","0.4907893890644091","1970","2013","laycock jimmye","0.5758354755784062","34","40"
"3672","0","1927","1939","layden elmer f","0.75","12","12"
"3673","0","1950","1950","layton m","0.8333333333333334","1","1"
"3674","0","1900","1901","lea langdon biff","0.8421052631578947","2","2"
"3675","0","1967","1969","leach bob","0.5217391304347826","3","3"
"3676","0.2135239421616076","1987","2013","leach mike","0.6071428571428571","12","21"
"3677","0.40444563044492177","1939","1952","leahy frank w","0.8666666666666667","10","10"
"3678","0","1944","1944","lear floyd e","0.0","1","1"
"3679","0","1895","1896","leard norman","0.75","2","2"
"3680","0","1905","1905","leavenworth jack","0.6","1","1"
"3681","0.2302533341637905","1978","2013","leavitt jim","0.6258992805755396","12","28"
"3682","0","1946","1960","leckonby william bill","0.6046511627906976","15","15"
"3683","0","1920","1920","leckrone walter","0.4","1","1"
"3684","0","1982","1982","leclerc roger","0.2222222222222222","1","1"
"3685","0","1993","1993","lecours bob","0.3","1","1"
"3686","0","1945","1945","lecray bob","0.3333333333333333","1","1"
"3687","0","1972","1972","ledbetter robert bob","0.3","1","1"
"3688","0","1957","1957","ledbetter virgil c","0.4444444444444444","1","1"
"3689","0","2009","2009","lee alonzo","0.45454545454545453","1","1"
"3690","0","1968","1968","lee bobby","0.25","1","1"
"3691","0","1948","1953","lee clyde","0.5423728813559322","6","6"
"3692","0.08675445127249864","1975","2013","lee david","no data","4","28"
"3693","0","1994","2014","lee don","0.52","6","16"
"3694","0","1929","1929","lee jay biffy","0.7142857142857143","1","1"
"3695","0","1891","1893","lee john p","0.7142857142857143","2","2"
"3696","0","1992","1993","lee ray","0.42857142857142855","2","2"
"3697","0","1962","1963","lee robert h","0.6","2","2"
"3698","0","1922","1922","lee roland e","0.3","1","1"
"3699","0","1998","1999","lee steve","0.5263157894736842","2","2"
"3700","0","1974","1980","lee tommy","0.5076923076923077","7","7"
"3701","0","1964","1965","lees bb","0.3888888888888889","2","2"
"3702","0","1975","1979","leete bill","0.5116279069767442","5","5"
"3703","0","1921","1923","legge withrow","0.5","3","3"
"3704","0","1957","1960","leggett les","0.391304347826087","3","3"
"3705","0","1977","1978","leibowitz allen","0.6666666666666666","2","2"
"3706","0","1898","1898","leighton ek","1.0","1","1"
"3707","0.4455635754944105","1992","2006","leiker jeff","no data","11","13"
"3708","0","1913","1913","leiper ma  manchester roy","1.0","1","1"
"3709","0.33257301495047353","1987","2013","leipold lance","1.0","7","23"
"3710","0","1911","1911","leith tom","0.875","1","1"
"3711","0","1901","1901","leland coach","0.0","1","1"
"3712","0","1992","2013","lembo pete","0.6870229007633588","11","17"
"3713","0","1952","1957","lemm walter wally","0.6666666666666666","3","3"
"3714","0.17633343220897146","1984","2006","lemon theo d","no data","7","19"
"3715","0","1971","1973","lengyel jack","0.25806451612903225","3","3"
"3716","0","1985","2013","lennon dale","0.6978021978021978","15","25"
"3717","0","1994","1999","leonard cecil","0.39655172413793105","6","6"
"3718","0","1997","1998","leonard glen","0.4","2","2"
"3719","0","1938","1949","leonard james r big jim","0.5277777777777778","5","5"
"3720","0","1907","1907","leonard jl","0.3333333333333333","1","1"
"3721","0","2013","2013","leonard mike","0.6666666666666666","1","1"
"3722","0","1954","1957","leslie willis convoy","0.75","4","4"
"3723","0","1969","1970","lester roy","0.23809523809523808","2","2"
"3724","0","1967","1974","lester tom","0.5641025641025641","8","8"
"3725","0","1911","1911","letellier ls","0.7142857142857143","1","1"
"3726","0","1907","1922","levene george","0.6538461538461539","3","3"
"3727","0","1911","1911","lever henry w","0.4444444444444444","1","1"
"3728","0","1908","1908","levine jh dutch","0.625","1","1"
"3729","0","1965","1965","levine ron","0.5","1","1"
"3730","0.3923289168281655","1996","2013","levine tony","0.6578947368421053","3","14"
"3731","0","1971","1973","levra john","0.41935483870967744","3","3"
"3732","-0.32472866842722453","1958","1967","levy marvin marv","0.40789473684210525","8","8"
"3733","0","1943","1943","lewandowski adolph j","0.25","1","1"
"3734","0","1943","1943","lewis albert  miller jack","0.0","1","1"
"3735","0","1950","1958","lewis arthur pappy","0.6395348837209303","9","9"
"3736","0.12459655619902489","1963","2006","lewis bill","0.45454545454545453","6","32"
"3737","0","1915","1915","lewis charles l","0.3333333333333333","1","1"
"3738","0","1906","1906","lewis clifford b","0.2222222222222222","1","1"
"3739","0","1947","1955","lewis gaston f country","0.6153846153846154","9","9"
"3740","0","1896","1896","lewis grenville","0.8888888888888888","1","1"
"3741","0","1928","1932","lewis guston f","0.6666666666666666","5","5"
"3742","0","1910","1910","lewis kemp","0.25","1","1"
"3743","0.1307717975301004","1981","2013","lewis larry","0.48717948717948717","7","26"
"3744","0","1932","1934","lewis lawrence","0.2857142857142857","3","3"
"3745","0","1985","2013","lewis monty","0.6585365853658537","8","29"
"3746","0","1934","1941","lewis rufus","0.589041095890411","8","8"
"3747","0","1921","1921","lewis russell","0.2857142857142857","1","1"
"3748","0","1925","1925","lewis wc","0.0","1","1"
"3749","0","2011","2012","lichten mike","0.2","2","2"
"3750","-0.008418433317860428","1974","2008","lichtenberg tom","0.3148148148148148","6","16"
"3751","0","1930","1944","lieb thomas j tom","0.5714285714285714","11","11"
"3752","0","1906","1906","lienau op paul","0.625","1","1"
"3753","0","1930","1941","liew john m van","0.4318181818181818","11","11"
"3754","0","1927","1927","lightsey harry","0.4444444444444444","1","1"
"3755","0","1995","1999","liljegren mike","0.13333333333333333","5","5"
"3756","0","1909","1909","lillard wh","0.8333333333333334","1","1"
"3757","0","1889","1890","lilley alexander s","0.25","2","2"
"3758","0","1947","1947","lillie jerry","0.7777777777777778","1","1"
"3759","0","1962","1963","lilly jesse","0.5","2","2"
"3760","0","1954","1961","lindahl joe","0.4714285714285714","8","8"
"3761","0","1921","1921","linden james","0.6666666666666666","1","1"
"3762","0","1926","1926","lindesmith orlando","1.0","1","1"
"3763","0","1906","1906","lindgren justa","0.25","1","1"
"3764","0","1927","1937","lindsey adrian h ad","0.49295774647887325","10","10"
"3765","0","1974","2013","lindsey dale","no data","2","26"
"3766","0.07947029248874775","1996","2014","lineburg wayne","0.2727272727272727","1","13"
"3767","0","1895","1895","linn jp","0.14285714285714285","1","1"
"3768","0","1974","1974","linville john","0.75","1","1"
"3769","0","1931","1931","lipscomb richard","0.25","1","1"
"3770","0","1897","1897","lisle mr","0.25","1","1"
"3771","0","1893","1895","lister john","0.0","2","2"
"3772","0","1881","1881","littauer lucius n","0.8333333333333334","1","1"
"3773","0","1900","1900","littig victor l","0.7142857142857143","1","1"
"3774","0","1950","1950","little crowell","0.3333333333333333","1","1"
"3775","0","1914","1925","little george e","0.8043478260869565","6","6"
"3776","0","1983","1997","little larry","0.49635036496350365","13","13"
"3777","0","1924","1955","little louis l lou","0.5437262357414449","31","31"
"3778","0","1983","1987","little thurlis","0.3877551020408163","5","5"
"3779","0","1927","1932","littlefield clyde","0.7547169811320755","6","6"
"3780","0","1954","1954","littleford hal","0.5555555555555556","1","1"
"3781","0","1978","1979","littlejohn andrew","0.4","2","2"
"3782","0","1970","1973","litton george","0.32558139534883723","4","4"
"3783","0","1917","1918","littrick orville b","0.625","2","2"
"3784","0","1888","1888","livingston charles","0.5","1","1"
"3785","0","1932","1934","locey percy p","0.56","3","3"
"3786","0","2013","2013","lockard kenneth ken","0.0","1","1"
"3787","0","1946","1946","locke doug","0.14285714285714285","1","1"
"3788","0","1944","1944","lockhart george h","0.125","1","1"
"3789","-0.1437739555611716","1992","2013","locksley mike","0.08333333333333333","2","18"
"3790","0","1919","1919","lodge william","0.5","1","1"
"3791","0","1980","1984","lofton oscar","0.5283018867924528","5","5"
"3792","0","1983","2013","logan alan al","0.15789473684210525","8","26"
"3793","0","1902","1902","logan coach","0.5","1","1"
"3794","0","1974","1974","logan dick","0.2727272727272727","1","1"
"3795","0","1914","1914","logan professor","1.0","1","1"
"3796","0.16758755088824676","1975","2010","logan steve","0.5652173913043478","11","27"
"3797","0","1974","1982","lohr jim","0.5263157894736842","9","9"
"3798","0","1964","1980","loika william","0.5705128205128205","17","17"
"3799","0","1963","1975","lomax leon j","0.7181818181818181","13","13"
"3800","0","1898","1898","lombard john","0.5","1","1"
"3801","0","1976","1977","lombardi bob","0.375","2","2"
"3802","-0.060856790442284155","1986","1999","lombardi tony","0.4","1","13"
"3803","0.08316268205449315","1988","2013","london mike","0.47692307692307695","5","19"
"3804","0","2013","2013","loney kevin","0.1111111111111111","1","1"
"3805","0.23701362005451554","1974","2012","loney steve","0.5454545454545454","4","27"
"3806","0.264858005766076","1995","2010","long chuck","no data","2","10"
"3807","0","1910","1912","long ev","0.3125","2","2"
"3808","0","1948","1948","long fred t pop","0.6","1","1"
"3809","0","1928","1928","long harry","0.0","1","1"
"3810","0","2012","2012","long jay","0.0","1","1"
"3811","0","2009","2011","long robby","0.6666666666666666","3","3"
"3812","0.13761313009685197","1972","2013","long rocky","0.527027027027027","13","30"
"3813","0","1906","1909","longman frank c shorty","0.6923076923076923","2","2"
"3814","0","2004","2004","longo phil","0.3","1","1"
"3815","0","1908","1908","longstreth od","0.5","1","1"
"3816","0","1909","1919","longwell john b","0.5","4","4"
"3817","0","1939","1948","lookabaugh edwin m jim","0.5934065934065934","10","10"
"3818","0","1899","1902","loomis harry c","0.8181818181818182","2","2"
"3819","0","1961","1962","lord robert c bob","0.3125","2","2"
"3820","0","1938","1940","loreno frank r tony","0.16666666666666666","3","3"
"3821","0","1936","1937","lorenz herb a","0.25","2","2"
"3822","-0.33778524476340377","1991","2013","loth joe","0.3157894736842105","12","18"
"3823","0","1953","1954","lothrop forest","0.35714285714285715","2","2"
"3824","0","1954","1962","lotter will","0.36538461538461536","6","6"
"3825","0","1972","1973","loucks g dean","0.55","2","2"
"3826","0","1916","1920","loudin forest","0.3888888888888889","3","3"
"3827","0","1922","1922","loughran john speedo","0.0","1","1"
"3828","0","1962","1966","louthen ray","0.75","5","5"
"3829","0","1974","1975","lovat tom","0.09090909090909091","2","2"
"3830","0","1906","1906","love jay mack","0.3333333333333333","1","1"
"3831","0","1919","1919","lovell william w","0.16666666666666666","1","1"
"3832","0","1974","1979","lovett walter","0.46875","6","6"
"3833","0","1946","1946","lowe cletus d","0.16666666666666666","1","1"
"3834","0","1992","1993","lowe max","0.25","2","2"
"3835","0","1942","1945","lowe robert a","0.25","2","2"
"3836","0","1905","1905","lowenthal fred","0.5555555555555556","1","1"
"3837","0","1907","1907","lowman ga","0.8","1","1"
"3838","0","1910","1918","lowman guy summer","0.575","5","5"
"3839","0.17369602487599745","1970","2006","lubick sonny","0.6176470588235294","17","32"
"3840","0","1981","1981","lucaroni dave","0.375","1","1"
"3841","0.09182722878055553","1979","2013","lucas mike","0.35555555555555557","4","28"
"3842","0","1976","1981","lucas roy","0.4528301886792453","6","6"
"3843","0","1963","1967","lucier william bill","0.5263157894736842","5","5"
"3844","0","1922","1923","luck jk","0.5294117647058824","2","2"
"3845","0","1905","1905","luck oh","0.3333333333333333","1","1"
"3846","0.0247605005034535","1960","2010","luckhardt john","0.7222222222222222","25","36"
"3847","0","1962","1968","lude mike","0.35714285714285715","7","7"
"3848","0","1905","1905","ludlow harry  tobin john","0.0","1","1"
"3849","0","1944","1944","ludwig j ellwood","0.7777777777777778","1","1"
"3850","0","1903","1910","lueder dr charles augustus","0.5925925925925926","4","4"
"3851","0.14399041218198966","1968","2013","luginbill al","no data","22","33"
"3852","0","1892","1897","luhn henry","1.0","3","3"
"3853","0","1994","2004","luke malen","0.45","11","11"
"3854","0","1972","1973","lukehart randel","0.42105263157894735","2","2"
"3855","0","1930","1930","lumpkin john","0.375","1","1"
"3856","0","2012","2012","lusk dewey","0.2727272727272727","1","1"
"3857","0","1941","1944","luster dewey w snorter","0.6285714285714286","4","4"
"3858","0","2000","2003","luther mark","0.29545454545454547","4","4"
"3859","0","1964","1964","lutz r joseph","0.6666666666666666","1","1"
"3860","0","1956","1956","luymes les","0.5555555555555556","1","1"
"3861","0","1974","2013","lyall jim","0.5192307692307693","22","37"
"3862","0","1894","1894","lyman john","0.625","1","1"
"3863","0","1891","1891","lyman tu","0.5","1","1"
"3864","0.005294058116657244","1977","2013","lynch bill","0.47560975609756095","15","28"
"3865","0","1926","1926","lynch eh","0.7142857142857143","1","1"
"3866","0","1923","1930","lynch ray","0.43859649122807015","8","8"
"3867","0","2012","2012","lynn josh","0.0","1","1"
"3868","0","2004","2007","lynn michael mike","0.5","4","4"
"3869","0","1909","1909","lynn thomas","0.8571428571428571","1","1"
"3870","0","1955","1965","lyon richard s dick","0.618421052631579","10","10"
"3871","0","1899","1899","lyon wh","0.42857142857142855","1","1"
"3872","0","1963","1966","lyons jerry","0.4857142857142857","4","4"
"3873","-0.0569451472290502","1974","2013","lyons john","0.5","13","33"
"3874","0","1972","1979","lyons robert","0.4266666666666667","8","8"
"3875","0","1966","1967","lysaker herschel","0.1","2","2"
"3876","0","1930","1930","lytle james","0.875","1","1"
"3877","0","1956","1959","maack herb","0.45161290322580644","4","4"
"3878","0","1936","1942","macdonald gordon","0.64","7","7"
"3879","0","1918","1918","macdonald john","0.25","1","1"
"3880","0","1914","1917","macdonnell sr edward thomas","0.4782608695652174","3","3"
"3881","0","2013","2013","maciejewski mark mac","0.6363636363636364","1","1"
"3882","0","1929","1931","macintosh ira","0.5","3","3"
"3883","0","1936","1936","macintosh mark","0.2857142857142857","1","1"
"3884","0.10087102801853197","1963","1997","macintyre george","0.3283582089552239","10","21"
"3885","0.22566704541780638","1990","2013","macintyre mike","0.3333333333333333","3","17"
"3886","0","1993","1996","mack bill","0.4","4","4"
"3887","0","1966","1966","mackenzie jim","0.6","1","1"
"3888","0","1960","1961","mackenzie robert c sarge","0.5","2","2"
"3889","0","1932","1933","mackey frederick c fred","0.2857142857142857","2","2"
"3890","0","1895","1895","mackey harry a","0.75","1","1"
"3891","0","1900","1900","mackey john c","0.5","1","1"
"3892","0","1921","1936","mackie alexander brown","0.6016260162601627","16","16"
"3893","0","1911","1914","macklin john f","0.8571428571428571","4","4"
"3894","0.19299887143084526","1965","2013","mackovic john","0.5683453237410072","22","29"
"3895","0","2013","2013","macneill dan","0.5454545454545454","1","1"
"3896","0.2391629142366853","1958","1991","macpherson dick","0.5841584158415841","16","28"
"3897","0","1908","1908","madden wf","0.5714285714285714","1","1"
"3898","0","1904","1924","maddock joseph h joe","0.7555555555555555","6","6"
"3899","0","1966","1970","maddox curtis curt","0.3333333333333333","4","4"
"3900","0","1983","2013","maddox robert","no data","20","25"
"3901","0","1921","1943","madigan ed slip","0.7080745341614907","19","19"
"3902","0","2013","2013","magistrelli mike","0.6363636363636364","1","1"
"3903","0","1935","1951","magnabosco john","0.6020408163265306","15","15"
"3904","0","1908","1910","magoffin tp paul","0.4444444444444444","2","2"
"3905","0","1920","1920","maguire fp","0.6666666666666666","1","1"
"3906","0","1924","1924","mahan james","0.4","1","1"
"3907","0","1966","1973","mahanes howard","0.5128205128205128","8","8"
"3908","0","1930","1930","mahaney hilary f","0.125","1","1"
"3909","0","1943","1943","mahnken harry a","0.25","1","1"
"3910","0.15399182706789605","1977","1991","mahoney mike","no data","5","13"
"3911","0","1998","2002","mahoney sean","0.21153846153846154","5","5"
"3912","0","1914","1914","mahoney stephen","0.5555555555555556","1","1"
"3913","0","1970","1970","maier george","0.375","1","1"
"3914","0","1899","1899","mains sl","0.5","1","1"
"3915","0","1953","1957","majlinger henry j","0.53125","5","5"
"3916","0","1919","1925","major jp rip","0.3953488372093023","5","5"
"3917","0.1859245362766013","1957","1995","majors johnny","0.5678571428571428","25","33"
"3918","0","1957","1976","majors shirley","0.5759493670886076","20","20"
"3919","0","1960","1968","makris george","0.5125","9","9"
"3920","0","1978","1987","malet mike","0.3111111111111111","10","10"
"3921","0","1936","1939","malley george l","0.5483870967741935","4","4"
"3922","0","1959","1983","malley pat","0.5862068965517241","25","25"
"3923","0","1985","1991","malley terry","0.5657894736842105","7","7"
"3924","0","1892","1892","malley william c","0.4","1","1"
"3925","0","1936","1944","mallonee c gardner","0.4","7","7"
"3926","0.1833913387980939","1966","1995","mallory bill","0.5476190476190477","23","25"
"3927","0","1948","1951","mallory james","0.6756756756756757","4","4"
"3928","0","1962","1972","malmquist james m jim","0.3448275862068966","10","10"
"3929","0","1951","1952","malone james l","0.6470588235294118","2","2"
"3930","0","1994","2011","maloney dick","0.5421686746987951","18","18"
"3931","0","1974","1979","maloney frank","0.40298507462686567","6","6"
"3932","0","1923","1923","maloney jackie","0.3333333333333333","1","1"
"3933","0.45275899747248","1991","2013","malzahn gus","0.8666666666666667","13","18"
"3934","0","1949","1950","mancha vaughn","0.7222222222222222","2","2"
"3935","0","1910","1910","manchester raymond","0.6","1","1"
"3936","0","1924","1924","mangan thomas j","0.0","1","1"
"3937","0.23512162849124543","1985","2014","mangino mark","0.5232558139534884","7","22"
"3938","0","2013","2013","mangone jason","0.7272727272727273","1","1"
"3939","0","1977","1977","mangrum leland","0.5","1","1"
"3940","0.1516268504182926","1979","2013","mangurian pete","0.4666666666666667","4","23"
"3941","0","2002","2004","mangus ga","0.6764705882352942","3","3"
"3942","0","1957","2000","manlove william bill","0.6860068259385665","34","37"
"3943","0","1903","1905","mann oliver d","0.4117647058823529","2","2"
"3944","0","1903","1904","mannakee nathan h","0.35714285714285715","2","2"
"3945","0","1977","1982","mannini dick","0.6101694915254238","6","6"
"3946","0","1974","1974","mans george","0.4","1","1"
"3947","0","1898","1898","mansfield es","0.0","1","1"
"3948","0","1989","1993","maranzana lou","0.39622641509433965","5","5"
"3949","0","1981","1983","marciel ron","0.17857142857142858","3","3"
"3950","0","1973","1975","marciniak ron","0.40625","3","3"
"3951","0","1949","1949","margarita robert bob","0.5","1","1"
"3952","0","1990","2012","margraff jim","0.6596638655462185","23","23"
"3953","0","1998","2007","mariani fred","0.4174757281553398","10","10"
"3954","0","1979","2012","marino steve","no data","30","32"
"3955","0.16959211022304838","1978","2004","mariucci steve","0.5","8","20"
"3956","0","1987","1996","markam houston","0.6285714285714286","10","10"
"3957","0","1902","1903","markey d john","0.5263157894736842","2","2"
"3958","0","1911","1911","marks john l jack","1.0","1","1"
"3959","0","1927","1947","marks walter e wally","0.5052631578947369","13","13"
"3960","0.05921110639119296","1966","2014","marmie larry","0.5","4","29"
"3961","0","1922","1922","marron rv","0.0","1","1"
"3962","0.20666199145081943","1992","2013","marrone doug","0.4594594594594595","4","17"
"3963","0","1990","1990","marsh jim","0.3","1","1"
"3964","0","1904","1904","marshall al","0.5","1","1"
"3965","0","1900","1903","marshall coach","0.3157894736842105","4","4"
"3966","0","1909","1915","marshall ernest","0.896551724137931","7","7"
"3967","-0.0045703913068923996","1977","2013","marshall jim","0.2909090909090909","7","28"
"3968","0","1965","1971","marshall john d","0.4426229508196721","7","7"
"3969","0","1918","1920","marshall robert c","0.5","2","2"
"3970","0","1954","1955","marshall stanley stan","0.8","2","2"
"3971","0","1983","1996","marshall tom","0.5588235294117647","14","14"
"3972","0","1919","1919","marsten oliver t","0.125","1","1"
"3973","0.08839916939035668","1956","1976","martin ben","0.49246231155778897","20","20"
"3974","0.2527766083262187","1992","2014","martin chuck","no data","6","15"
"3975","0","1902","1905","martin daniel s","0.5","4","4"
"3976","0.165198688068943","1986","2013","martin doug","no data","7","22"
"3977","0","1942","1956","martin eugene h","0.6129032258064516","13","13"
"3978","0","1972","1972","martin fred","0.7","1","1"
"3979","0","1939","1948","martin glenn abe","0.46551724137931033","8","8"
"3980","0","1921","1922","martin harold d","0.8333333333333334","2","2"
"3981","0","1923","1936","martin homer c","0.4482758620689655","4","4"
"3982","0","1913","1913","martin ir","0.625","1","1"
"3983","0","1984","1992","martin james","0.5116279069767442","9","9"
"3984","0","1950","1953","martin john h","0.56","3","3"
"3985","0","1926","1926","martin leroy","0.5","1","1"
"3986","0","1917","1917","martin md","0.0","1","1"
"3987","0","1968","1969","martin morris","0.6428571428571429","2","2"
"3988","0","1953","1965","martin othol abe","0.5625","13","13"
"3989","0","1907","1907","martin paul","0.2","1","1"
"3990","0","2012","2012","martin russ","0.36363636363636365","1","1"
"3991","0","1899","1899","martin wa","0.75","1","1"
"3992","0","1887","1887","martin william billy","0.0","1","1"
"3993","0","1912","1912","martin william c","0.42857142857142855","1","1"
"3994","0","1924","1927","martineau earl","0.7241379310344828","4","4"
"3995","0","1959","1992","martinelli fred","0.6430769230769231","34","34"
"3996","0","2013","2013","martinovich chad","0.6666666666666666","1","1"
"3997","0","1917","1917","marty frank","0.0","1","1"
"3998","0","1969","1981","martynuska art","0.48863636363636365","11","11"
"3999","0","1962","1966","marvin charles","0.3333333333333333","5","5"
